region,name,gender,shiny,shadow,shadowshiny,n
Kanto,Bulbasaur,both,TRUE,TRUE,TRUE,1
Kanto,Ivysaur,both,TRUE,TRUE,TRUE,2
Kanto,Venusaur,difference,TRUE,TRUE,TRUE,3
Kanto,Charmander,both,TRUE,TRUE,TRUE,4
Kanto,Charmeleon,both,TRUE,TRUE,TRUE,5
Kanto,Charizard,both,TRUE,TRUE,TRUE,6
Kanto,Squirtle,both,TRUE,TRUE,TRUE,7
Kanto,Wartortle,both,TRUE,TRUE,TRUE,8
Kanto,Blastoise,both,TRUE,TRUE,TRUE,9
Kanto,Caterpie,both,TRUE,FALSE,FALSE,10
Kanto,Metapod,both,TRUE,FALSE,FALSE,11
Kanto,Butterfree,difference,TRUE,FALSE,FALSE,12
Kanto,Weedle,both,TRUE,TRUE,FALSE,13
Kanto,Kakuna,both,TRUE,TRUE,FALSE,14
Kanto,Beedrill,both,TRUE,TRUE,FALSE,15
Kanto,Pidgey,both,TRUE,FALSE,FALSE,16
Kanto,Pidgeotto,both,TRUE,FALSE,FALSE,17
Kanto,Pidgeot,both,TRUE,FALSE,FALSE,18
Kanto,Rattata,difference,TRUE,TRUE,FALSE,19
Kanto,Raticate,difference,TRUE,TRUE,FALSE,20
Kanto,Spearow,both,TRUE,FALSE,FALSE,21
Kanto,Fearow,both,TRUE,FALSE,FALSE,22
Kanto,Ekans,both,TRUE,TRUE,TRUE,23
Kanto,Arbok,both,TRUE,TRUE,TRUE,24
Kanto,Pikachu,difference,TRUE,FALSE,FALSE,25
Kanto,Raichu,difference,TRUE,FALSE,FALSE,26
Kanto,Sandshrew,both,TRUE,TRUE,FALSE,27
Kanto,Sandslash,both,TRUE,TRUE,FALSE,28
Kanto,Nidoran♀,female,TRUE,TRUE,TRUE,29
Kanto,Nidorina,female,TRUE,TRUE,TRUE,30
Kanto,Nidoqueen,female,TRUE,TRUE,TRUE,31
Kanto,Nidoran♂,male,TRUE,TRUE,TRUE,32
Kanto,Nidorino,male,TRUE,TRUE,TRUE,33
Kanto,Nidoking,male,TRUE,TRUE,TRUE,34
Kanto,Clefairy,both,TRUE,FALSE,FALSE,35
Kanto,Clefable,both,TRUE,FALSE,FALSE,36
Kanto,Vulpix,both,TRUE,TRUE,FALSE,37
Kanto,Ninetales,both,TRUE,TRUE,FALSE,38
Kanto,Jigglypuff,both,TRUE,FALSE,FALSE,39
Kanto,Wigglytuff,both,TRUE,FALSE,FALSE,40
Kanto,Zubat,difference,TRUE,TRUE,FALSE,41
Kanto,Golbat,difference,TRUE,TRUE,FALSE,42
Kanto,Oddish,both,TRUE,TRUE,FALSE,43
Kanto,Gloom,difference,TRUE,TRUE,FALSE,44
Kanto,Vileplume,difference,TRUE,TRUE,FALSE,45
Kanto,Paras,both,TRUE,FALSE,FALSE,46
Kanto,Parasect,both,TRUE,FALSE,FALSE,47
Kanto,Venonat,both,TRUE,TRUE,TRUE,48
Kanto,Venomoth,both,TRUE,TRUE,TRUE,49
Kanto,Diglett,both,TRUE,TRUE,FALSE,50
Kanto,Dugtrio,both,TRUE,TRUE,FALSE,51
Kanto,Meowth,both,TRUE,TRUE,TRUE,52
Kanto,Persian,both,TRUE,TRUE,TRUE,53
Kanto,Psyduck,both,TRUE,TRUE,FALSE,54
Kanto,Golduck,both,TRUE,TRUE,FALSE,55
Kanto,Mankey,both,TRUE,FALSE,FALSE,56
Kanto,Primeape,both,TRUE,FALSE,FALSE,57
Kanto,Growlithe,both,TRUE,TRUE,TRUE,58
Kanto,Arcanine,both,TRUE,TRUE,TRUE,59
Kanto,Poliwag,both,TRUE,TRUE,TRUE,60
Kanto,Poliwhirl,both,TRUE,TRUE,TRUE,61
Kanto,Poliwrath,both,TRUE,TRUE,TRUE,62
Kanto,Abra,both,TRUE,TRUE,FALSE,63
Kanto,Kadabra,difference,TRUE,TRUE,FALSE,64
Kanto,Alakazam,difference,TRUE,TRUE,FALSE,65
Kanto,Machop,both,TRUE,TRUE,FALSE,66
Kanto,Machoke,both,TRUE,TRUE,FALSE,67
Kanto,Machamp,both,TRUE,TRUE,FALSE,68
Kanto,Bellsprout,both,TRUE,TRUE,FALSE,69
Kanto,Weepinbell,both,TRUE,TRUE,FALSE,70
Kanto,Victreebel,both,TRUE,TRUE,FALSE,71
Kanto,Tentacool,both,TRUE,FALSE,FALSE,72
Kanto,Tentacruel,both,TRUE,FALSE,FALSE,73
Kanto,Geodude,both,TRUE,TRUE,FALSE,74
Kanto,Graveler,both,TRUE,TRUE,FALSE,75
Kanto,Golem,both,TRUE,TRUE,FALSE,76
Kanto,Ponyta,both,TRUE,FALSE,FALSE,77
Kanto,Rapidash,both,TRUE,FALSE,FALSE,78
Kanto,Slowpoke,both,TRUE,TRUE,FALSE,79
Kanto,Slowbro,both,TRUE,TRUE,FALSE,80
Kanto,Magnemite,genderless,TRUE,TRUE,TRUE,81
Kanto,Magneton,genderless,TRUE,TRUE,TRUE,82
Kanto,Farfetch'd,both,TRUE,FALSE,FALSE,83
Kanto,Doduo,difference,TRUE,FALSE,FALSE,84
Kanto,Dodrio,difference,TRUE,FALSE,FALSE,85
Kanto,Seel,both,TRUE,FALSE,FALSE,86
Kanto,Dewgong,both,TRUE,FALSE,FALSE,87
Kanto,Grimer,both,TRUE,TRUE,TRUE,88
Kanto,Muk,both,TRUE,TRUE,TRUE,89
Kanto,Shellder,both,TRUE,TRUE,FALSE,90
Kanto,Cloyster,both,TRUE,TRUE,FALSE,91
Kanto,Gastly,both,TRUE,FALSE,FALSE,92
Kanto,Haunter,both,TRUE,FALSE,FALSE,93
Kanto,Gengar,both,TRUE,FALSE,FALSE,94
Kanto,Onix,both,TRUE,TRUE,FALSE,95
Kanto,Drowzee,both,TRUE,TRUE,TRUE,96
Kanto,Hypno,difference,TRUE,TRUE,TRUE,97
Kanto,Krabby,both,TRUE,FALSE,FALSE,98
Kanto,Kingler,both,TRUE,FALSE,FALSE,99
Kanto,Voltorb,genderless,TRUE,TRUE,FALSE,100
Kanto,Electrode,genderless,TRUE,TRUE,FALSE,101
Kanto,Exeggcute,both,TRUE,TRUE,TRUE,102
Kanto,Exeggutor,both,TRUE,TRUE,TRUE,103
Kanto,Cubone,both,TRUE,TRUE,TRUE,104
Kanto,Marowak,both,TRUE,TRUE,TRUE,105
Kanto,Hitmonlee,male,TRUE,TRUE,FALSE,106
Kanto,Hitmonchan,male,TRUE,TRUE,FALSE,107
Kanto,Lickitung,both,TRUE,FALSE,FALSE,108
Kanto,Koffing,both,TRUE,TRUE,TRUE,109
Kanto,Weezing,both,TRUE,TRUE,TRUE,110
Kanto,Rhyhorn,difference,TRUE,FALSE,FALSE,111
Kanto,Rhydon,difference,TRUE,FALSE,FALSE,112
Kanto,Chansey,female,TRUE,FALSE,FALSE,113
Kanto,Tangela,both,TRUE,TRUE,FALSE,114
Kanto,Kangaskhan,female,TRUE,FALSE,FALSE,115
Kanto,Horsea,both,TRUE,TRUE,FALSE,116
Kanto,Seadra,both,TRUE,TRUE,FALSE,117
Kanto,Goldeen,difference,TRUE,FALSE,FALSE,118
Kanto,Seaking,difference,TRUE,FALSE,FALSE,119
Kanto,Staryu,genderless,TRUE,FALSE,FALSE,120
Kanto,Starmie,genderless,TRUE,FALSE,FALSE,121
Kanto,Mr. Mime,both,TRUE,FALSE,FALSE,122
Kanto,Scyther,difference,TRUE,TRUE,TRUE,123
Kanto,Jynx,female,TRUE,FALSE,FALSE,124
Kanto,Electabuzz,both,TRUE,TRUE,FALSE,125
Kanto,Magmar,both,TRUE,TRUE,FALSE,126
Kanto,Pinsir,both,TRUE,TRUE,TRUE,127
Kanto,Tauros,male,TRUE,FALSE,FALSE,128
Kanto,Magikarp,difference,TRUE,TRUE,FALSE,129
Kanto,Gyarados,difference,TRUE,TRUE,FALSE,130
Kanto,Lapras,both,TRUE,TRUE,TRUE,131
Kanto,Ditto,genderless,TRUE,FALSE,FALSE,132
Kanto,Eevee,difference,TRUE,FALSE,FALSE,133
Kanto,Vaporeon,both,TRUE,FALSE,FALSE,134
Kanto,Jolteon,both,TRUE,FALSE,FALSE,135
Kanto,Flareon,both,TRUE,FALSE,FALSE,136
Kanto,Porygon,genderless,TRUE,TRUE,FALSE,137
Kanto,Omanyte,both,TRUE,TRUE,TRUE,138
Kanto,Omastar,both,TRUE,TRUE,TRUE,139
Kanto,Kabuto,both,TRUE,FALSE,FALSE,140
Kanto,Kabutops,both,TRUE,FALSE,FALSE,141
Kanto,Aerodactyl,both,TRUE,TRUE,TRUE,142
Kanto,Snorlax,both,TRUE,TRUE,FALSE,143
Kanto,Articuno,genderless,TRUE,TRUE,FALSE,144
Kanto,Zapdos,genderless,TRUE,TRUE,FALSE,145
Kanto,Moltres,genderless,TRUE,TRUE,FALSE,146
Kanto,Dratini,both,TRUE,TRUE,FALSE,147
Kanto,Dragonair,both,TRUE,TRUE,FALSE,148
Kanto,Dragonite,both,TRUE,TRUE,FALSE,149
Kanto,Mewtwo,genderless,TRUE,TRUE,FALSE,150
Kanto,Mew,genderless,TRUE,FALSE,FALSE,151
Johto,Chikorita,both,TRUE,TRUE,FALSE,152
Johto,Bayleef,both,TRUE,TRUE,FALSE,153
Johto,Meganium,difference,TRUE,TRUE,FALSE,154
Johto,Cyndaquil,both,TRUE,TRUE,FALSE,155
Johto,Quilava,both,TRUE,TRUE,FALSE,156
Johto,Typhlosion,both,TRUE,TRUE,FALSE,157
Johto,Totodile,both,TRUE,TRUE,FALSE,158
Johto,Croconaw,both,TRUE,TRUE,FALSE,159
Johto,Feraligatr,both,TRUE,TRUE,FALSE,160
Johto,Sentret,both,TRUE,FALSE,FALSE,161
Johto,Furret,both,TRUE,FALSE,FALSE,162
Johto,Hoothoot,both,TRUE,FALSE,FALSE,163
Johto,Noctowl,both,TRUE,FALSE,FALSE,164
Johto,Ledyba,difference,TRUE,FALSE,FALSE,165
Johto,Ledian,difference,TRUE,FALSE,FALSE,166
Johto,Spinarak,both,TRUE,FALSE,FALSE,167
Johto,Ariados,both,TRUE,FALSE,FALSE,168
Johto,Crobat,both,TRUE,TRUE,FALSE,169
Johto,Chinchou,both,TRUE,FALSE,FALSE,170
Johto,Lanturn,both,TRUE,FALSE,FALSE,171
Johto,Pichu,both,TRUE,FALSE,FALSE,172
Johto,Cleffa,both,TRUE,FALSE,FALSE,173
Johto,Igglybuff,both,TRUE,FALSE,FALSE,174
Johto,Togepi,both,TRUE,FALSE,FALSE,175
Johto,Togetic,both,TRUE,FALSE,FALSE,176
Johto,Natu,both,TRUE,TRUE,FALSE,177
Johto,Xatu,difference,TRUE,TRUE,FALSE,178
Johto,Mareep,both,TRUE,TRUE,FALSE,179
Johto,Flaaffy,both,TRUE,TRUE,FALSE,180
Johto,Ampharos,both,TRUE,TRUE,FALSE,181
Johto,Bellossom,both,TRUE,TRUE,FALSE,182
Johto,Marill,both,TRUE,FALSE,FALSE,183
Johto,Azumarill,both,TRUE,FALSE,FALSE,184
Johto,Sudowoodo,difference,TRUE,TRUE,FALSE,185
Johto,Politoed,difference,TRUE,TRUE,TRUE,186
Johto,Hoppip,both,TRUE,TRUE,FALSE,187
Johto,Skiploom,both,TRUE,TRUE,FALSE,188
Johto,Jumpluff,both,TRUE,TRUE,FALSE,189
Johto,Aipom,difference,TRUE,TRUE,FALSE,190
Johto,Sunkern,both,TRUE,FALSE,FALSE,191
Johto,Sunflora,both,TRUE,FALSE,FALSE,192
Johto,Yanma,both,TRUE,FALSE,FALSE,193
Johto,Wooper,difference,TRUE,TRUE,FALSE,194
Johto,Quagsire,difference,TRUE,TRUE,FALSE,195
Johto,Espeon,both,TRUE,FALSE,FALSE,196
Johto,Umbreon,both,TRUE,FALSE,FALSE,197
Johto,Murkrow,difference,TRUE,TRUE,TRUE,198
Johto,Slowking,both,TRUE,TRUE,FALSE,199
Johto,Misdreavus,both,TRUE,TRUE,FALSE,200
Johto,Unown,genderless,TRUE,FALSE,FALSE,201
Johto,Wobbuffet,difference,TRUE,TRUE,FALSE,202
Johto,Girafarig,difference,TRUE,TRUE,FALSE,203
Johto,Pineco,both,TRUE,TRUE,TRUE,204
Johto,Forretress,both,TRUE,TRUE,TRUE,205
Johto,Dunsparce,both,TRUE,FALSE,FALSE,206
Johto,Gligar,difference,TRUE,TRUE,TRUE,207
Johto,Steelix,difference,TRUE,TRUE,FALSE,208
Johto,Snubbull,both,TRUE,TRUE,FALSE,209
Johto,Granbull,both,TRUE,TRUE,FALSE,210
Johto,Qwilfish,both,TRUE,FALSE,FALSE,211
Johto,Scizor,difference,TRUE,TRUE,TRUE,212
Johto,Shuckle,both,TRUE,TRUE,FALSE,213
Johto,Heracross,difference,TRUE,FALSE,FALSE,214
Johto,Sneasel,difference,TRUE,TRUE,TRUE,215
Johto,Teddiursa,both,TRUE,TRUE,TRUE,216
Johto,Ursaring,difference,TRUE,TRUE,TRUE,217
Johto,Slugma,both,TRUE,FALSE,FALSE,218
Johto,Magcargo,both,TRUE,FALSE,FALSE,219
Johto,Swinub,both,TRUE,TRUE,FALSE,220
Johto,Piloswine,difference,TRUE,TRUE,FALSE,221
Johto,Corsola,both,TRUE,FALSE,FALSE,222
Johto,Remoraid,both,TRUE,FALSE,FALSE,223
Johto,Octillery,difference,TRUE,FALSE,FALSE,224
Johto,Delibird,both,TRUE,TRUE,FALSE,225
Johto,Mantine,both,TRUE,FALSE,FALSE,226
Johto,Skarmory,both,TRUE,TRUE,FALSE,227
Johto,Houndour,both,TRUE,TRUE,FALSE,228
Johto,Houndoom,difference,TRUE,TRUE,FALSE,229
Johto,Kingdra,both,TRUE,TRUE,FALSE,230
Johto,Phanpy,both,TRUE,TRUE,FALSE,231
Johto,Donphan,difference,TRUE,TRUE,FALSE,232
Johto,Porygon2,genderless,TRUE,TRUE,FALSE,233
Johto,Stantler,both,TRUE,TRUE,TRUE,234
Johto,Smeargle,both,TRUE,FALSE,FALSE,235
Johto,Tyrogue,male,TRUE,FALSE,FALSE,236
Johto,Hitmontop,male,TRUE,FALSE,FALSE,237
Johto,Smoochum,female,TRUE,FALSE,FALSE,238
Johto,Elekid,both,TRUE,FALSE,FALSE,239
Johto,Magby,both,TRUE,FALSE,FALSE,240
Johto,Miltank,female,TRUE,FALSE,FALSE,241
Johto,Blissey,female,TRUE,FALSE,FALSE,242
Johto,Raikou,genderless,TRUE,TRUE,FALSE,243
Johto,Entei,genderless,TRUE,TRUE,FALSE,244
Johto,Suicune,genderless,TRUE,TRUE,FALSE,245
Johto,Larvitar,both,TRUE,TRUE,TRUE,246
Johto,Pupitar,both,TRUE,TRUE,TRUE,247
Johto,Tyranitar,both,TRUE,TRUE,TRUE,248
Johto,Lugia,genderless,TRUE,TRUE,FALSE,249
Johto,Ho-Oh,genderless,TRUE,TRUE,FALSE,250
Johto,Celebi,genderless,TRUE,FALSE,FALSE,251
Hoenn,Treecko,both,TRUE,TRUE,FALSE,252
Hoenn,Grovyle,both,TRUE,TRUE,FALSE,253
Hoenn,Sceptile,both,TRUE,TRUE,FALSE,254
Hoenn,Torchic,difference,TRUE,TRUE,FALSE,255
Hoenn,Combusken,difference,TRUE,TRUE,FALSE,256
Hoenn,Blaziken,difference,TRUE,TRUE,FALSE,257
Hoenn,Mudkip,both,TRUE,TRUE,FALSE,258
Hoenn,Marshtomp,both,TRUE,TRUE,FALSE,259
Hoenn,Swampert,both,TRUE,TRUE,FALSE,260
Hoenn,Poochyena,both,TRUE,TRUE,FALSE,261
Hoenn,Mightyena,both,TRUE,TRUE,FALSE,262
Hoenn,Zigzagoon,both,TRUE,FALSE,FALSE,263
Hoenn,Linoone,both,TRUE,FALSE,FALSE,264
Hoenn,Wurmple,both,TRUE,FALSE,FALSE,265
Hoenn,Silcoon,both,TRUE,FALSE,FALSE,266
Hoenn,Beautifly,difference,TRUE,FALSE,FALSE,267
Hoenn,Cascoon,both,TRUE,FALSE,FALSE,268
Hoenn,Dustox,difference,TRUE,FALSE,FALSE,269
Hoenn,Lotad,both,TRUE,FALSE,FALSE,270
Hoenn,Lombre,both,TRUE,FALSE,FALSE,271
Hoenn,Ludicolo,difference,TRUE,FALSE,FALSE,272
Hoenn,Seedot,both,TRUE,TRUE,TRUE,273
Hoenn,Nuzleaf,difference,TRUE,TRUE,TRUE,274
Hoenn,Shiftry,difference,TRUE,TRUE,TRUE,275
Hoenn,Taillow,both,TRUE,FALSE,FALSE,276
Hoenn,Swellow,both,TRUE,FALSE,FALSE,277
Hoenn,Wingull,both,TRUE,FALSE,FALSE,278
Hoenn,Pelipper,both,TRUE,FALSE,FALSE,279
Hoenn,Ralts,both,TRUE,TRUE,FALSE,280
Hoenn,Kirlia,both,TRUE,TRUE,FALSE,281
Hoenn,Gardevoir,female,TRUE,TRUE,FALSE,282
Hoenn,Surskit,both,TRUE,FALSE,FALSE,283
Hoenn,Masquerain,both,TRUE,FALSE,FALSE,284
Hoenn,Shroomish,both,TRUE,FALSE,FALSE,285
Hoenn,Breloom,both,TRUE,FALSE,FALSE,286
Hoenn,Slakoth,both,TRUE,FALSE,FALSE,287
Hoenn,Vigoroth,both,TRUE,FALSE,FALSE,288
Hoenn,Slaking,both,TRUE,FALSE,FALSE,289
Hoenn,Nincada,both,TRUE,FALSE,FALSE,290
Hoenn,Ninjask,both,TRUE,FALSE,FALSE,291
Hoenn,Shedinja,genderless,TRUE,FALSE,FALSE,292
Hoenn,Whismur,both,TRUE,TRUE,FALSE,293
Hoenn,Loudred,both,TRUE,TRUE,FALSE,294
Hoenn,Exploud,both,TRUE,TRUE,FALSE,295
Hoenn,Makuhita,both,TRUE,TRUE,FALSE,296
Hoenn,Hariyama,both,TRUE,TRUE,FALSE,297
Hoenn,Azurill,both,TRUE,FALSE,FALSE,298
Hoenn,Nosepass,both,TRUE,TRUE,FALSE,299
Hoenn,Skitty,both,TRUE,FALSE,FALSE,300
Hoenn,Delcatty,both,TRUE,FALSE,FALSE,301
Hoenn,Sableye,both,TRUE,TRUE,FALSE,302
Hoenn,Mawile,both,TRUE,TRUE,TRUE,303
Hoenn,Aron,both,TRUE,TRUE,FALSE,304
Hoenn,Lairon,both,TRUE,TRUE,FALSE,305
Hoenn,Aggron,both,TRUE,TRUE,FALSE,306
Hoenn,Meditite,difference,TRUE,FALSE,FALSE,307
Hoenn,Medicham,difference,TRUE,FALSE,FALSE,308
Hoenn,Electrike,both,TRUE,TRUE,FALSE,309
Hoenn,Manectric,both,TRUE,TRUE,FALSE,310
Hoenn,Plusle,both,TRUE,FALSE,FALSE,311
Hoenn,Minun,both,TRUE,FALSE,FALSE,312
Hoenn,Volbeat,male,TRUE,FALSE,FALSE,313
Hoenn,Illumise,female,TRUE,FALSE,FALSE,314
Hoenn,Roselia,difference,TRUE,FALSE,FALSE,315
Hoenn,Gulpin,difference,TRUE,FALSE,FALSE,316
Hoenn,Swalot,difference,TRUE,FALSE,FALSE,317
Hoenn,Carvanha,both,TRUE,TRUE,TRUE,318
Hoenn,Sharpedo,both,TRUE,TRUE,TRUE,319
Hoenn,Wailmer,both,TRUE,TRUE,FALSE,320
Hoenn,Wailord,both,TRUE,TRUE,FALSE,321
Hoenn,Numel,difference,TRUE,TRUE,FALSE,322
Hoenn,Camerupt,difference,TRUE,TRUE,FALSE,323
Hoenn,Torkoal,both,TRUE,FALSE,FALSE,324
Hoenn,Spoink,both,TRUE,TRUE,FALSE,325
Hoenn,Grumpig,both,TRUE,TRUE,FALSE,326
Hoenn,Spinda,both,TRUE,FALSE,FALSE,327
Hoenn,Trapinch,both,TRUE,TRUE,FALSE,328
Hoenn,Vibrava,both,TRUE,TRUE,FALSE,329
Hoenn,Flygon,both,TRUE,TRUE,FALSE,330
Hoenn,Cacnea,both,TRUE,TRUE,FALSE,331
Hoenn,Cacturne,difference,TRUE,TRUE,FALSE,332
Hoenn,Swablu,both,TRUE,FALSE,FALSE,333
Hoenn,Altaria,both,TRUE,FALSE,FALSE,334
Hoenn,Zangoose,both,TRUE,FALSE,FALSE,335
Hoenn,Seviper,both,TRUE,FALSE,FALSE,336
Hoenn,Lunatone,genderless,TRUE,FALSE,FALSE,337
Hoenn,Solrock,genderless,TRUE,FALSE,FALSE,338
Hoenn,Barboach,both,TRUE,FALSE,FALSE,339
Hoenn,Whiscash,both,TRUE,FALSE,FALSE,340
Hoenn,Corphish,both,TRUE,FALSE,FALSE,341
Hoenn,Crawdaunt,both,TRUE,FALSE,FALSE,342
Hoenn,Baltoy,genderless,TRUE,FALSE,FALSE,343
Hoenn,Claydol,genderless,TRUE,FALSE,FALSE,344
Hoenn,Lileep,both,TRUE,TRUE,FALSE,345
Hoenn,Cradily,both,TRUE,TRUE,FALSE,346
Hoenn,Anorith,both,TRUE,TRUE,FALSE,347
Hoenn,Armaldo,both,TRUE,TRUE,FALSE,348
Hoenn,Feebas,both,TRUE,FALSE,FALSE,349
Hoenn,Milotic,difference,TRUE,FALSE,FALSE,350
Hoenn,Castform,both,TRUE,FALSE,FALSE,351
Hoenn,Kecleon,both,TRUE,FALSE,FALSE,352
Hoenn,Shuppet,both,TRUE,TRUE,FALSE,353
Hoenn,Banette,both,TRUE,TRUE,FALSE,354
Hoenn,Duskull,both,TRUE,TRUE,FALSE,355
Hoenn,Dusclops,both,TRUE,TRUE,FALSE,356
Hoenn,Tropius,both,TRUE,FALSE,FALSE,357
Hoenn,Chimecho,both,TRUE,FALSE,FALSE,358
Hoenn,Absol,both,TRUE,TRUE,TRUE,359
Hoenn,Wynaut,both,TRUE,FALSE,FALSE,360
Hoenn,Snorunt,both,TRUE,FALSE,FALSE,361
Hoenn,Glalie,both,TRUE,FALSE,FALSE,362
Hoenn,Spheal,both,TRUE,TRUE,FALSE,363
Hoenn,Sealeo,both,TRUE,TRUE,FALSE,364
Hoenn,Walrein,both,TRUE,TRUE,FALSE,365
Hoenn,Clamperl,both,TRUE,FALSE,FALSE,366
Hoenn,Huntail,both,TRUE,FALSE,FALSE,367
Hoenn,Gorebyss,both,TRUE,FALSE,FALSE,368
Hoenn,Relicanth,difference,TRUE,FALSE,FALSE,369
Hoenn,Luvdisc,both,TRUE,FALSE,FALSE,370
Hoenn,Bagon,both,TRUE,TRUE,TRUE,371
Hoenn,Shelgon,both,TRUE,TRUE,TRUE,372
Hoenn,Salamence,both,TRUE,TRUE,TRUE,373
Hoenn,Beldum,genderless,TRUE,TRUE,TRUE,374
Hoenn,Metang,genderless,TRUE,TRUE,TRUE,375
Hoenn,Metagross,genderless,TRUE,TRUE,TRUE,376
Hoenn,Regirock,genderless,TRUE,FALSE,FALSE,377
Hoenn,Regice,genderless,TRUE,TRUE,FALSE,378
Hoenn,Registeel,genderless,TRUE,TRUE,FALSE,379
Hoenn,Latias,female,TRUE,TRUE,FALSE,380
Hoenn,Latios,male,TRUE,TRUE,FALSE,381
Hoenn,Kyogre,genderless,TRUE,FALSE,FALSE,382
Hoenn,Groudon,genderless,TRUE,FALSE,FALSE,383
Hoenn,Rayquaza,genderless,TRUE,FALSE,FALSE,384
Hoenn,Jirachi,genderless,TRUE,FALSE,FALSE,385
Hoenn,Deoxys,genderless,TRUE,FALSE,FALSE,386
Sinnoh,Turtwig,both,TRUE,TRUE,FALSE,387
Sinnoh,Grotle,both,TRUE,TRUE,FALSE,388
Sinnoh,Torterra,both,TRUE,TRUE,FALSE,389
Sinnoh,Chimchar,both,TRUE,FALSE,FALSE,390
Sinnoh,Monferno,both,TRUE,FALSE,FALSE,391
Sinnoh,Infernape,both,TRUE,FALSE,FALSE,392
Sinnoh,Piplup,both,TRUE,FALSE,FALSE,393
Sinnoh,Prinplup,both,TRUE,FALSE,FALSE,394
Sinnoh,Empoleon,both,TRUE,FALSE,FALSE,395
Sinnoh,Starly,difference,TRUE,TRUE,FALSE,396
Sinnoh,Staravia,difference,TRUE,TRUE,FALSE,397
Sinnoh,Staraptor,difference,TRUE,TRUE,FALSE,398
Sinnoh,Bidoof,difference,TRUE,TRUE,FALSE,399
Sinnoh,Bibarel,difference,TRUE,TRUE,FALSE,400
Sinnoh,Kricketot,difference,TRUE,FALSE,FALSE,401
Sinnoh,Kricketune,difference,TRUE,FALSE,FALSE,402
Sinnoh,Shinx,difference,TRUE,TRUE,FALSE,403
Sinnoh,Luxio,difference,TRUE,TRUE,FALSE,404
Sinnoh,Luxray,difference,TRUE,TRUE,FALSE,405
Sinnoh,Budew,both,TRUE,FALSE,FALSE,406
Sinnoh,Roserade,difference,TRUE,FALSE,FALSE,407
Sinnoh,Cranidos,both,TRUE,FALSE,FALSE,408
Sinnoh,Rampardos,both,TRUE,FALSE,FALSE,409
Sinnoh,Shieldon,both,TRUE,FALSE,FALSE,410
Sinnoh,Bastiodon,both,TRUE,FALSE,FALSE,411
Sinnoh,Burmy,both,TRUE,FALSE,FALSE,412
Sinnoh,Wormadam,female,TRUE,FALSE,FALSE,413
Sinnoh,Mothim,male,TRUE,FALSE,FALSE,414
Sinnoh,Combee,difference,TRUE,FALSE,FALSE,415
Sinnoh,Vespiquen,female,TRUE,FALSE,FALSE,416
Sinnoh,Pachirisu,difference,FALSE,FALSE,FALSE,417
Sinnoh,Buizel,difference,TRUE,FALSE,FALSE,418
Sinnoh,Floatzel,difference,TRUE,FALSE,FALSE,419
Sinnoh,Cherubi,both,TRUE,FALSE,FALSE,420
Sinnoh,Cherrim,both,TRUE,FALSE,FALSE,421
Sinnoh,Shellos,both,FALSE,FALSE,FALSE,422
Sinnoh,Gastrodon,both,FALSE,FALSE,FALSE,423
Sinnoh,Ambipom,difference,TRUE,TRUE,FALSE,424
Sinnoh,Drifloon,both,TRUE,TRUE,FALSE,425
Sinnoh,Drifblim,both,TRUE,TRUE,FALSE,426
Sinnoh,Buneary,both,TRUE,FALSE,FALSE,427
Sinnoh,Lopunny,both,TRUE,FALSE,FALSE,428
Sinnoh,Mismagius,both,TRUE,TRUE,FALSE,429
Sinnoh,Honchkrow,both,TRUE,TRUE,TRUE,430
Sinnoh,Glameow,both,TRUE,FALSE,FALSE,431
Sinnoh,Purugly,both,TRUE,FALSE,FALSE,432
Sinnoh,Chingling,both,FALSE,FALSE,FALSE,433
Sinnoh,Stunky,both,FALSE,TRUE,FALSE,434
Sinnoh,Skuntank,both,FALSE,TRUE,FALSE,435
Sinnoh,Bronzor,genderless,TRUE,FALSE,FALSE,436
Sinnoh,Bronzong,genderless,TRUE,FALSE,FALSE,437
Sinnoh,Bonsly,both,TRUE,FALSE,FALSE,438
Sinnoh,Mime Jr.,both,TRUE,FALSE,FALSE,439
Sinnoh,Happiny,female,TRUE,FALSE,FALSE,440
Sinnoh,Chatot,both,FALSE,FALSE,FALSE,441
Sinnoh,Spiritomb,both,TRUE,FALSE,FALSE,442
Sinnoh,Gible,difference,TRUE,FALSE,FALSE,443
Sinnoh,Gabite,difference,TRUE,FALSE,FALSE,444
Sinnoh,Garchomp,difference,TRUE,FALSE,FALSE,445
Sinnoh,Munchlax,both,TRUE,FALSE,FALSE,446
Sinnoh,Riolu,both,TRUE,FALSE,FALSE,447
Sinnoh,Lucario,both,TRUE,FALSE,FALSE,448
Sinnoh,Hippopotas,difference,TRUE,TRUE,FALSE,449
Sinnoh,Hippowdon,difference,TRUE,TRUE,FALSE,450
Sinnoh,Skorupi,both,TRUE,TRUE,FALSE,451
Sinnoh,Drapion,both,TRUE,TRUE,FALSE,452
Sinnoh,Croagunk,difference,TRUE,FALSE,FALSE,453
Sinnoh,Toxicroak,difference,TRUE,FALSE,FALSE,454
Sinnoh,Carnivine,both,FALSE,FALSE,FALSE,455
Sinnoh,Finneon,difference,TRUE,FALSE,FALSE,456
Sinnoh,Lumineon,difference,TRUE,FALSE,FALSE,457
Sinnoh,Mantyke,both,FALSE,FALSE,FALSE,458
Sinnoh,Snover,difference,TRUE,TRUE,FALSE,459
Sinnoh,Abomasnow,difference,TRUE,TRUE,FALSE,460
Sinnoh,Weavile,difference,TRUE,TRUE,TRUE,461
Sinnoh,Magnezone,genderless,TRUE,TRUE,TRUE,462
Sinnoh,Lickilicky,both,TRUE,FALSE,FALSE,463
Sinnoh,Rhyperior,difference,TRUE,FALSE,FALSE,464
Sinnoh,Tangrowth,difference,TRUE,TRUE,FALSE,465
Sinnoh,Electivire,both,TRUE,TRUE,FALSE,466
Sinnoh,Magmortar,both,TRUE,TRUE,FALSE,467
Sinnoh,Togekiss,both,TRUE,FALSE,FALSE,468
Sinnoh,Yanmega,both,TRUE,FALSE,FALSE,469
Sinnoh,Leafeon,both,TRUE,FALSE,FALSE,470
Sinnoh,Glaceon,both,TRUE,FALSE,FALSE,471
Sinnoh,Gliscor,both,TRUE,TRUE,TRUE,472
Sinnoh,Mamoswine,difference,TRUE,TRUE,FALSE,473
Sinnoh,Porygon-Z,genderless,TRUE,TRUE,FALSE,474
Sinnoh,Gallade,male,TRUE,TRUE,FALSE,475
Sinnoh,Probopass,both,TRUE,TRUE,FALSE,476
Sinnoh,Dusknoir,both,TRUE,TRUE,FALSE,477
Sinnoh,Froslass,female,TRUE,FALSE,FALSE,478
Sinnoh,Rotom,genderless,FALSE,FALSE,FALSE,479
Sinnoh,Uxie,genderless,TRUE,FALSE,FALSE,480
Sinnoh,Mesprit,genderless,TRUE,FALSE,FALSE,481
Sinnoh,Azelf,genderless,TRUE,FALSE,FALSE,482
Sinnoh,Dialga,genderless,TRUE,FALSE,FALSE,483
Sinnoh,Palkia,genderless,TRUE,FALSE,FALSE,484
Sinnoh,Heatran,both,TRUE,FALSE,FALSE,485
Sinnoh,Regigigas,genderless,TRUE,FALSE,FALSE,486
Sinnoh,Giratina,genderless,TRUE,FALSE,FALSE,487
Sinnoh,Cresselia,female,TRUE,FALSE,FALSE,488
Sinnoh,Phione,genderless,FALSE,FALSE,FALSE,489
Sinnoh,Manaphy,genderless,FALSE,FALSE,FALSE,490
Sinnoh,Darkrai,genderless,TRUE,FALSE,FALSE,491
Sinnoh,Shaymin,genderless,FALSE,FALSE,FALSE,492
Sinnoh,Arceus,genderless,FALSE,FALSE,FALSE,493
Unova,Victini,genderless,FALSE,FALSE,FALSE,494
Unova,Snivy,both,TRUE,FALSE,FALSE,495
Unova,Servine,both,TRUE,FALSE,FALSE,496
Unova,Serperior,both,TRUE,FALSE,FALSE,497
Unova,Tepig,both,TRUE,FALSE,FALSE,498
Unova,Pignite,both,TRUE,FALSE,FALSE,499
Unova,Emboar,both,TRUE,FALSE,FALSE,500
Unova,Oshawott,both,TRUE,FALSE,FALSE,501
Unova,Dewott,both,TRUE,FALSE,FALSE,502
Unova,Samurott,both,TRUE,FALSE,FALSE,503
Unova,Patrat,both,TRUE,TRUE,FALSE,504
Unova,Watchog,both,TRUE,TRUE,FALSE,505
Unova,Lillipup,both,TRUE,FALSE,FALSE,506
Unova,Herdier,both,TRUE,FALSE,FALSE,507
Unova,Stoutland,both,TRUE,FALSE,FALSE,508
Unova,Purrloin,both,TRUE,TRUE,FALSE,509
Unova,Liepard,both,TRUE,TRUE,FALSE,510
Unova,Pansage,both,TRUE,FALSE,FALSE,511
Unova,Simisage,both,TRUE,FALSE,FALSE,512
Unova,Pansear,both,TRUE,FALSE,FALSE,513
Unova,Simisear,both,TRUE,FALSE,FALSE,514
Unova,Panpour,both,TRUE,FALSE,FALSE,515
Unova,Simipour,both,TRUE,FALSE,FALSE,516
Unova,Munna,both,TRUE,FALSE,FALSE,517
Unova,Musharna,both,TRUE,FALSE,FALSE,518
Unova,Pidove,both,TRUE,TRUE,FALSE,519
Unova,Tranquill,both,TRUE,TRUE,FALSE,520
Unova,Unfezant,difference,TRUE,TRUE,FALSE,521
Unova,Blitzle,both,TRUE,TRUE,FALSE,522
Unova,Zebstrika,both,TRUE,TRUE,FALSE,523
Unova,Roggenrola,both,TRUE,FALSE,FALSE,524
Unova,Boldore,both,TRUE,FALSE,FALSE,525
Unova,Gigalith,both,TRUE,FALSE,FALSE,526
Unova,Woobat,both,TRUE,FALSE,FALSE,527
Unova,Swoobat,both,TRUE,FALSE,FALSE,528
Unova,Drilbur,both,TRUE,FALSE,FALSE,529
Unova,Excadrill,both,TRUE,FALSE,FALSE,530
Unova,Audino,both,TRUE,FALSE,FALSE,531
Unova,Timburr,both,TRUE,FALSE,FALSE,532
Unova,Gurdurr,both,TRUE,FALSE,FALSE,533
Unova,Conkeldurr,both,TRUE,FALSE,FALSE,534
Unova,Tympole,both,TRUE,FALSE,FALSE,535
Unova,Palpitoad,both,TRUE,FALSE,FALSE,536
Unova,Seismitoad,both,TRUE,FALSE,FALSE,537
Unova,Throh,male,TRUE,FALSE,FALSE,538
Unova,Sawk,male,TRUE,FALSE,FALSE,539
Unova,Sewaddle,both,FALSE,FALSE,FALSE,540
Unova,Swadloon,both,FALSE,FALSE,FALSE,541
Unova,Leavanny,both,FALSE,FALSE,FALSE,542
Unova,Venipede,both,TRUE,FALSE,FALSE,543
Unova,Whirlipede,both,TRUE,FALSE,FALSE,544
Unova,Scolipede,both,TRUE,FALSE,FALSE,545
Unova,Cottonee,both,TRUE,FALSE,FALSE,546
Unova,Whimsicott,both,TRUE,FALSE,FALSE,547
Unova,Petilil,female,FALSE,FALSE,FALSE,548
Unova,Lilligant,female,FALSE,FALSE,FALSE,549
Unova,Basculin,both,FALSE,FALSE,FALSE,550
Unova,Sandile,both,FALSE,FALSE,FALSE,551
Unova,Krokorok,both,FALSE,FALSE,FALSE,552
Unova,Krookodile,both,FALSE,FALSE,FALSE,553
Unova,Darumaka,both,TRUE,FALSE,FALSE,554
Unova,Darmanitan,both,TRUE,FALSE,FALSE,555
Unova,Maractus,both,FALSE,FALSE,FALSE,556
Unova,Dwebble,both,TRUE,FALSE,FALSE,557
Unova,Crustle,both,TRUE,FALSE,FALSE,558
Unova,Scraggy,both,FALSE,FALSE,FALSE,559
Unova,Scrafty,both,FALSE,FALSE,FALSE,560
Unova,Sigilyph,both,FALSE,FALSE,FALSE,561
Unova,Yamask,both,TRUE,FALSE,FALSE,562
Unova,Cofagrigus,both,TRUE,FALSE,FALSE,563
Unova,Tirtouga,both,TRUE,FALSE,FALSE,564
Unova,Carracosta,both,TRUE,FALSE,FALSE,565
Unova,Archen,both,TRUE,FALSE,FALSE,566
Unova,Archeops,both,TRUE,FALSE,FALSE,567
Unova,Trubbish,both,TRUE,FALSE,FALSE,568
Unova,Garbodor,both,TRUE,FALSE,FALSE,569
Unova,Zorua,both,FALSE,FALSE,FALSE,570
Unova,Zoroark,both,FALSE,FALSE,FALSE,571
Unova,Minccino,both,TRUE,FALSE,FALSE,572
Unova,Cinccino,both,TRUE,FALSE,FALSE,573
Unova,Gothita,both,FALSE,FALSE,FALSE,574
Unova,Gothorita,both,FALSE,FALSE,FALSE,575
Unova,Gothitelle,both,FALSE,FALSE,FALSE,576
Unova,Solosis,both,FALSE,FALSE,FALSE,577
Unova,Duosion,both,FALSE,FALSE,FALSE,578
Unova,Reuniclus,both,FALSE,FALSE,FALSE,579
Unova,Ducklett,both,FALSE,TRUE,FALSE,580
Unova,Swanna,both,FALSE,TRUE,FALSE,581
Unova,Vanillite,both,FALSE,FALSE,FALSE,582
Unova,Vanillish,both,FALSE,FALSE,FALSE,583
Unova,Vanilluxe,both,FALSE,FALSE,FALSE,584
Unova,Deerling,both,FALSE,FALSE,FALSE,585
Unova,Sawsbuck,both,FALSE,FALSE,FALSE,586
Unova,Emolga,both,FALSE,FALSE,FALSE,587
Unova,Karrablast,both,TRUE,FALSE,FALSE,588
Unova,Escavalier,both,TRUE,FALSE,FALSE,589
Unova,Foongus,both,TRUE,TRUE,FALSE,590
Unova,Amoonguss,both,TRUE,TRUE,FALSE,591
Unova,Frillish,difference,TRUE,FALSE,FALSE,592
Unova,Jellicent,difference,TRUE,FALSE,FALSE,593
Unova,Alomomola,both,TRUE,FALSE,FALSE,594
Unova,Joltik,both,FALSE,TRUE,FALSE,595
Unova,Galvantula,both,FALSE,TRUE,FALSE,596
Unova,Ferroseed,both,TRUE,FALSE,FALSE,597
Unova,Ferrothorn,both,TRUE,FALSE,FALSE,598
Unova,Klink,genderless,TRUE,FALSE,FALSE,599
Unova,Klang,genderless,TRUE,FALSE,FALSE,600
Unova,Klinklang,genderless,TRUE,FALSE,FALSE,601
Unova,Tynamo,both,FALSE,FALSE,FALSE,602
Unova,Eelektrik,both,FALSE,FALSE,FALSE,603
Unova,Eelektross,both,FALSE,FALSE,FALSE,604
Unova,Elgyem,both,TRUE,FALSE,FALSE,605
Unova,Beheeyem,both,TRUE,FALSE,FALSE,606
Unova,Litwick,both,TRUE,FALSE,FALSE,607
Unova,Lampent,both,TRUE,FALSE,FALSE,608
Unova,Chandelure,both,TRUE,FALSE,FALSE,609
Unova,Axew,both,TRUE,FALSE,FALSE,610
Unova,Fraxure,both,TRUE,FALSE,FALSE,611
Unova,Haxorus,both,TRUE,FALSE,FALSE,612
Unova,Cubchoo,both,TRUE,FALSE,FALSE,613
Unova,Beartic,both,TRUE,FALSE,FALSE,614
Unova,Cryogonal,genderless,FALSE,FALSE,FALSE,615
Unova,Shelmet,both,TRUE,FALSE,FALSE,616
Unova,Accelgor,both,TRUE,FALSE,FALSE,617
Unova,Stunfisk,both,FALSE,FALSE,FALSE,618
Unova,Mienfoo,both,FALSE,FALSE,FALSE,619
Unova,Mienshao,both,FALSE,FALSE,FALSE,620
Unova,Druddigon,both,TRUE,FALSE,FALSE,621
Unova,Golett,genderless,FALSE,TRUE,FALSE,622
Unova,Golurk,genderless,FALSE,TRUE,FALSE,623
Unova,Pawniard,both,TRUE,FALSE,FALSE,624
Unova,Bisharp,both,TRUE,FALSE,FALSE,625
Unova,Bouffalant,both,FALSE,FALSE,FALSE,626
Unova,Rufflet,male,TRUE,FALSE,FALSE,627
Unova,Braviary,male,TRUE,FALSE,FALSE,628
Unova,Vullaby,female,TRUE,FALSE,FALSE,629
Unova,Mandibuzz,female,TRUE,FALSE,FALSE,630
Unova,Heatmor,both,TRUE,FALSE,FALSE,631
Unova,Durant,both,TRUE,FALSE,FALSE,632
Unova,Deino,both,TRUE,FALSE,FALSE,633
Unova,Zweilous,both,TRUE,FALSE,FALSE,634
Unova,Hydreigon,both,TRUE,FALSE,FALSE,635
Unova,Larvesta,both,FALSE,FALSE,FALSE,636
Unova,Volcarona,both,FALSE,FALSE,FALSE,637
Unova,Cobalion,genderless,TRUE,FALSE,FALSE,638
Unova,Terrakion,genderless,TRUE,FALSE,FALSE,639
Unova,Virizion,genderless,TRUE,FALSE,FALSE,640
Unova,Tornadus,male,TRUE,FALSE,FALSE,641
Unova,Thundurus,male,TRUE,FALSE,FALSE,642
Unova,Reshiram,genderless,TRUE,FALSE,FALSE,643
Unova,Zekrom,genderless,TRUE,FALSE,FALSE,644
Unova,Landorus,male,TRUE,FALSE,FALSE,645
Unova,Kyurem,genderless,TRUE,FALSE,FALSE,646
Unova,Keldeo,genderless,FALSE,FALSE,FALSE,647
Unova,Meloetta,genderless,FALSE,FALSE,FALSE,648
Unova,Genesect,genderless,TRUE,FALSE,FALSE,649
Kalos,Chespin,both,TRUE,FALSE,FALSE,650
Kalos,Quilladin,both,TRUE,FALSE,FALSE,651
Kalos,Chesnaught,both,TRUE,FALSE,FALSE,652
Kalos,Fennekin,both,FALSE,FALSE,FALSE,653
Kalos,Braixen,both,FALSE,FALSE,FALSE,654
Kalos,Delphox,both,FALSE,FALSE,FALSE,655
Kalos,Froakie,both,FALSE,FALSE,FALSE,656
Kalos,Frogadier,both,FALSE,FALSE,FALSE,657
Kalos,Greninja,both,FALSE,FALSE,FALSE,658
Kalos,Bunnelby,both,TRUE,FALSE,FALSE,659
Kalos,Diggersby,both,TRUE,FALSE,FALSE,660
Kalos,Fletchling,both,TRUE,FALSE,FALSE,661
Kalos,Fletchinder,both,TRUE,FALSE,FALSE,662
Kalos,Talonflame,both,TRUE,FALSE,FALSE,663
Kalos,Scatterbug,both,FALSE,FALSE,FALSE,664
Kalos,Spewpa,both,FALSE,FALSE,FALSE,665
Kalos,Vivillon,both,FALSE,FALSE,FALSE,666
Kalos,Litleo,both,TRUE,FALSE,FALSE,667
Kalos,Pyroar,difference,TRUE,FALSE,FALSE,668
Kalos,Flabébé,female,FALSE,FALSE,FALSE,669
Kalos,Floette,female,FALSE,FALSE,FALSE,670
Kalos,Florges,female,FALSE,FALSE,FALSE,671
Kalos,Skiddo,both,FALSE,FALSE,FALSE,672
Kalos,Gogoat,both,FALSE,FALSE,FALSE,673
Kalos,Pancham,both,FALSE,FALSE,FALSE,674
Kalos,Pangoro,both,FALSE,FALSE,FALSE,675
Kalos,Furfrou,both,TRUE,FALSE,FALSE,676
Kalos,Espurr,both,TRUE,FALSE,FALSE,677
Kalos,Meowstic,difference,TRUE,FALSE,FALSE,678
Kalos,Honedge,both,FALSE,FALSE,FALSE,679
Kalos,Doublade,both,FALSE,FALSE,FALSE,680
Kalos,Aegislash,both,FALSE,FALSE,FALSE,681
Kalos,Spritzee,both,TRUE,FALSE,FALSE,682
Kalos,Aromatisse,both,TRUE,FALSE,FALSE,683
Kalos,Swirlix,both,TRUE,FALSE,FALSE,684
Kalos,Slurpuff,both,TRUE,FALSE,FALSE,685
Kalos,Inkay,both,TRUE,FALSE,FALSE,686
Kalos,Malamar,both,TRUE,FALSE,FALSE,687
Kalos,Binacle,both,TRUE,FALSE,FALSE,688
Kalos,Barbaracle,both,TRUE,FALSE,FALSE,689
Kalos,Skrelp,both,FALSE,FALSE,FALSE,690
Kalos,Dragalge,both,FALSE,FALSE,FALSE,691
Kalos,Clauncher,both,FALSE,FALSE,FALSE,692
Kalos,Clawitzer,both,FALSE,FALSE,FALSE,693
Kalos,Helioptile,both,TRUE,FALSE,FALSE,694
Kalos,Heliolisk,both,TRUE,FALSE,FALSE,695
Kalos,Tyrunt,both,FALSE,FALSE,FALSE,696
Kalos,Tyrantrum,both,FALSE,FALSE,FALSE,697
Kalos,Amaura,both,FALSE,FALSE,FALSE,698
Kalos,Aurorus,both,FALSE,FALSE,FALSE,699
Kalos,Sylveon,both,TRUE,FALSE,FALSE,700
Kalos,Hawlucha,both,FALSE,FALSE,FALSE,701
Kalos,Dedenne,both,TRUE,FALSE,FALSE,702
Kalos,Carbink,genderless,FALSE,FALSE,FALSE,703
Kalos,Goomy,both,FALSE,FALSE,FALSE,704
Kalos,Sliggoo,both,FALSE,FALSE,FALSE,705
Kalos,Goodra,both,FALSE,FALSE,FALSE,706
Kalos,Klefki,both,FALSE,FALSE,FALSE,707
Kalos,Phantump,both,FALSE,FALSE,FALSE,708
Kalos,Trevenant,both,FALSE,FALSE,FALSE,709
Kalos,Pumpkaboo,both,TRUE,FALSE,FALSE,710
Kalos,Gourgeist,both,TRUE,FALSE,FALSE,711
Kalos,Bergmite,both,TRUE,FALSE,FALSE,712
Kalos,Avalugg,both,TRUE,FALSE,FALSE,713
Kalos,Noibat,both,TRUE,FALSE,FALSE,714
Kalos,Noivern,both,TRUE,FALSE,FALSE,715
Kalos,Xerneas,genderless,TRUE,FALSE,FALSE,716
Kalos,Yveltal,genderless,TRUE,FALSE,FALSE,717
Kalos,Zygarde,genderless,FALSE,FALSE,FALSE,718
Kalos,Diancie,genderless,FALSE,FALSE,FALSE,719
Kalos,Hoopa,genderless,FALSE,FALSE,FALSE,720
Kalos,Volcanion,genderless,FALSE,FALSE,FALSE,721
Alola,Rowlet,both,FALSE,FALSE,FALSE,722
Alola,Dartrix,both,FALSE,FALSE,FALSE,723
Alola,Decidueye,both,FALSE,FALSE,FALSE,724
Alola,Litten,both,FALSE,FALSE,FALSE,725
Alola,Torracat,both,FALSE,FALSE,FALSE,726
Alola,Incineroar,both,FALSE,FALSE,FALSE,727
Alola,Popplio,both,FALSE,FALSE,FALSE,728
Alola,Brionne,both,FALSE,FALSE,FALSE,729
Alola,Primarina,both,FALSE,FALSE,FALSE,730
Alola,Pikipek,both,FALSE,FALSE,FALSE,731
Alola,Trumbeak,both,FALSE,FALSE,FALSE,732
Alola,Toucannon,both,FALSE,FALSE,FALSE,733
Alola,Yungoos,both,TRUE,FALSE,FALSE,734
Alola,Gumshoos,both,TRUE,FALSE,FALSE,735
Alola,Grubbin,both,FALSE,FALSE,FALSE,736
Alola,Charjabug,both,FALSE,FALSE,FALSE,737
Alola,Vikavolt,both,FALSE,FALSE,FALSE,738
Alola,Crabrawler,both,FALSE,FALSE,FALSE,739
Alola,Crabominable,both,FALSE,FALSE,FALSE,740
Alola,Oricorio,both,FALSE,FALSE,FALSE,741
Alola,Cutiefly,both,FALSE,FALSE,FALSE,742
Alola,Ribombee,both,FALSE,FALSE,FALSE,743
Alola,Rockruff,both,TRUE,FALSE,FALSE,744
Alola,Lycanroc,both,TRUE,FALSE,FALSE,745
Alola,Wishiwashi,both,FALSE,FALSE,FALSE,746
Alola,Mareanie,both,FALSE,FALSE,FALSE,747
Alola,Toxapex,both,FALSE,FALSE,FALSE,748
Alola,Mudbray,both,FALSE,FALSE,FALSE,749
Alola,Mudsdale,both,FALSE,FALSE,FALSE,750
Alola,Dewpider,both,FALSE,FALSE,FALSE,751
Alola,Araquanid,both,FALSE,FALSE,FALSE,752
Alola,Fomantis,both,FALSE,FALSE,FALSE,753
Alola,Lurantis,both,FALSE,FALSE,FALSE,754
Alola,Morelull,both,FALSE,FALSE,FALSE,755
Alola,Shiinotic,both,FALSE,FALSE,FALSE,756
Alola,Salandit,both,FALSE,FALSE,FALSE,757
Alola,Salazzle,female,FALSE,FALSE,FALSE,758
Alola,Stufful,both,TRUE,FALSE,FALSE,759
Alola,Bewear,both,TRUE,FALSE,FALSE,760
Alola,Bounsweet,female,FALSE,FALSE,FALSE,761
Alola,Steenee,female,FALSE,FALSE,FALSE,762
Alola,Tsareena,female,FALSE,FALSE,FALSE,763
Alola,Comfey,both,FALSE,FALSE,FALSE,764
Alola,Oranguru,both,FALSE,FALSE,FALSE,765
Alola,Passimian,both,FALSE,FALSE,FALSE,766
Alola,Wimpod,both,FALSE,FALSE,FALSE,767
Alola,Golisopod,both,FALSE,FALSE,FALSE,768
Alola,Sandygast,both,FALSE,FALSE,FALSE,769
Alola,Palossand,both,FALSE,FALSE,FALSE,770
Alola,Pyukumuku,both,FALSE,FALSE,FALSE,771
Alola,Type: Null,genderless,FALSE,FALSE,FALSE,772
Alola,Silvally,genderless,FALSE,FALSE,FALSE,773
Alola,Minior,genderless,FALSE,FALSE,FALSE,774
Alola,Komala,both,FALSE,FALSE,FALSE,775
Alola,Turtonator,both,FALSE,FALSE,FALSE,776
Alola,Togedemaru,both,FALSE,FALSE,FALSE,777
Alola,Mimikyu,both,FALSE,FALSE,FALSE,778
Alola,Bruxish,both,FALSE,FALSE,FALSE,779
Alola,Drampa,both,FALSE,FALSE,FALSE,780
Alola,Dhelmise,genderless,FALSE,FALSE,FALSE,781
Alola,Jangmo-o,both,FALSE,FALSE,FALSE,782
Alola,Hakamo-o,both,FALSE,FALSE,FALSE,783
Alola,Kommo-o,both,FALSE,FALSE,FALSE,784
Alola,Tapu Koko,genderless,TRUE,FALSE,FALSE,785
Alola,Tapu Lele,genderless,TRUE,FALSE,FALSE,786
Alola,Tapu Bulu,genderless,FALSE,FALSE,FALSE,787
Alola,Tapu Fini,genderless,FALSE,FALSE,FALSE,788
Alola,Cosmog,genderless,FALSE,FALSE,FALSE,789
Alola,Cosmoem,genderless,FALSE,FALSE,FALSE,790
Alola,Solgaleo,genderless,FALSE,FALSE,FALSE,791
Alola,Lunala,genderless,FALSE,FALSE,FALSE,792
Alola,Nihilego,genderless,FALSE,FALSE,FALSE,793
Alola,Buzzwole,genderless,FALSE,FALSE,FALSE,794
Alola,Pheromosa,genderless,FALSE,FALSE,FALSE,795
Alola,Xurkitree,genderless,FALSE,FALSE,FALSE,796
Alola,Celesteela,genderless,FALSE,FALSE,FALSE,797
Alola,Kartana,genderless,FALSE,FALSE,FALSE,798
Alola,Guzzlord,genderless,FALSE,FALSE,FALSE,799
Alola,Necrozma,genderless,FALSE,FALSE,FALSE,800
Alola,Magearna,genderless,FALSE,FALSE,FALSE,801
Alola,Marshadow,genderless,FALSE,FALSE,FALSE,802
Alola,Poipole,genderless,FALSE,FALSE,FALSE,803
Alola,Naganadel,genderless,FALSE,FALSE,FALSE,804
Alola,Stakataka,genderless,FALSE,FALSE,FALSE,805
Alola,Blacephalon,genderless,FALSE,FALSE,FALSE,806
Alola,Zeraora,genderless,FALSE,FALSE,FALSE,807
Alola,Meltan,genderless,TRUE,FALSE,FALSE,808
Alola,Melmetal,genderless,TRUE,FALSE,FALSE,809
Galar,Grookey,both,FALSE,FALSE,FALSE,810
Galar,Thwackey,both,FALSE,FALSE,FALSE,811
Galar,Rillaboom,both,FALSE,FALSE,FALSE,812
Galar,Scorbunny,both,FALSE,FALSE,FALSE,813
Galar,Raboot,both,FALSE,FALSE,FALSE,814
Galar,Cinderace,both,FALSE,FALSE,FALSE,815
Galar,Sobble,both,FALSE,FALSE,FALSE,816
Galar,Drizzile,both,FALSE,FALSE,FALSE,817
Galar,Inteleon,both,FALSE,FALSE,FALSE,818
Galar,Skwovet,both,FALSE,FALSE,FALSE,819
Galar,Greedent,both,FALSE,FALSE,FALSE,820
Galar,Rookidee,both,FALSE,FALSE,FALSE,821
Galar,Corvisquire,both,FALSE,FALSE,FALSE,822
Galar,Corviknight,both,FALSE,FALSE,FALSE,823
Galar,Blipbug,both,FALSE,FALSE,FALSE,824
Galar,Dottler,both,FALSE,FALSE,FALSE,825
Galar,Orbeetle,both,FALSE,FALSE,FALSE,826
Galar,Nickit,both,FALSE,FALSE,FALSE,827
Galar,Thievul,both,FALSE,FALSE,FALSE,828
Galar,Gossifleur,both,FALSE,FALSE,FALSE,829
Galar,Eldegoss,both,FALSE,FALSE,FALSE,830
Galar,Wooloo,both,FALSE,FALSE,FALSE,831
Galar,Dubwool,both,FALSE,FALSE,FALSE,832
Galar,Chewtle,both,FALSE,FALSE,FALSE,833
Galar,Drednaw,both,FALSE,FALSE,FALSE,834
Galar,Yamper,both,FALSE,FALSE,FALSE,835
Galar,Boltund,both,FALSE,FALSE,FALSE,836
Galar,Rolycoly,both,FALSE,FALSE,FALSE,837
Galar,Carkol,both,FALSE,FALSE,FALSE,838
Galar,Coalossal,both,FALSE,FALSE,FALSE,839
Galar,Applin,both,FALSE,FALSE,FALSE,840
Galar,Flapple,both,FALSE,FALSE,FALSE,841
Galar,Appletun,both,FALSE,FALSE,FALSE,842
Galar,Silicobra,both,FALSE,FALSE,FALSE,843
Galar,Sandaconda,both,FALSE,FALSE,FALSE,844
Galar,Cramorant,both,FALSE,FALSE,FALSE,845
Galar,Arrokuda,both,FALSE,FALSE,FALSE,846
Galar,Barraskewda,both,FALSE,FALSE,FALSE,847
Galar,Toxel,both,FALSE,FALSE,FALSE,848
Galar,Toxtricity,both,FALSE,FALSE,FALSE,849
Galar,Sizzlipede,both,FALSE,FALSE,FALSE,850
Galar,Centiskorch,both,FALSE,FALSE,FALSE,851
Galar,Clobbopus,both,FALSE,FALSE,FALSE,852
Galar,Grapploct,both,FALSE,FALSE,FALSE,853
Galar,Sinistea,genderless,FALSE,FALSE,FALSE,854
Galar,Polteageist,genderless,FALSE,FALSE,FALSE,855
Galar,Hatenna,female,FALSE,FALSE,FALSE,856
Galar,Hattrem,female,FALSE,FALSE,FALSE,857
Galar,Hatterene,female,FALSE,FALSE,FALSE,858
Galar,Impidimp,male,FALSE,FALSE,FALSE,859
Galar,Morgrem,male,FALSE,FALSE,FALSE,860
Galar,Grimmsnarl,male,FALSE,FALSE,FALSE,861
Galar,Obstagoon,both,TRUE,FALSE,FALSE,862
Galar,Perrserker,both,TRUE,FALSE,FALSE,863
Galar,Cursola,both,FALSE,FALSE,FALSE,864
Galar,Sirfetch'd,both,TRUE,FALSE,FALSE,865
Galar,Mr. Rime,both,TRUE,FALSE,FALSE,866
Galar,Runerigus,both,TRUE,FALSE,FALSE,867
Galar,Milcery,female,FALSE,FALSE,FALSE,868
Galar,Alcremie,female,FALSE,FALSE,FALSE,869
Galar,Falinks,genderless,FALSE,FALSE,FALSE,870
Galar,Pincurchin,both,FALSE,FALSE,FALSE,871
Galar,Snom,both,FALSE,FALSE,FALSE,872
Galar,Frosmoth,both,FALSE,FALSE,FALSE,873
Galar,Stonjourner,both,FALSE,FALSE,FALSE,874
Galar,Eiscue,both,FALSE,FALSE,FALSE,875
Galar,Indeedee,difference,FALSE,FALSE,FALSE,876
Galar,Morpeko,both,FALSE,FALSE,FALSE,877
Galar,Cufant,both,FALSE,FALSE,FALSE,878
Galar,Copperajah,both,FALSE,FALSE,FALSE,879
Galar,Dracozolt,genderless,FALSE,FALSE,FALSE,880
Galar,Arctozolt,genderless,FALSE,FALSE,FALSE,881
Galar,Dracovish,genderless,FALSE,FALSE,FALSE,882
Galar,Arctovish,genderless,FALSE,FALSE,FALSE,883
Galar,Duraludon,both,FALSE,FALSE,FALSE,884
Galar,Dreepy,both,FALSE,FALSE,FALSE,885
Galar,Drakloak,both,FALSE,FALSE,FALSE,886
Galar,Dragapult,both,FALSE,FALSE,FALSE,887
Galar,Zacian,genderless,FALSE,FALSE,FALSE,888
Galar,Zamazenta,genderless,FALSE,FALSE,FALSE,889
Galar,Eternatus,genderless,FALSE,FALSE,FALSE,890
Galar,Kubfu,both,FALSE,FALSE,FALSE,891
Galar,Urshifu,both,FALSE,FALSE,FALSE,892
Galar,Zarude,genderless,FALSE,FALSE,FALSE,893
Galar,Regieleki,genderless,FALSE,FALSE,FALSE,894
Galar,Regidrago,genderless,FALSE,FALSE,FALSE,895
Galar,Glastrier,genderless,FALSE,FALSE,FALSE,896
Galar,Spectrier,genderless,FALSE,FALSE,FALSE,897
Galar,Calyrex,genderless,FALSE,FALSE,FALSE,898
Hisui,Wyrdeer,both,FALSE,FALSE,FALSE,899
Hisui,Kleavor,both,FALSE,FALSE,FALSE,900
Hisui,Ursaluna,both,TRUE,TRUE,FALSE,901
Hisui,Basculegion,difference,FALSE,FALSE,FALSE,902
Hisui,Sneasler,both,FALSE,FALSE,FALSE,903
Hisui,Overqwil,both,FALSE,FALSE,FALSE,904
Hisui,Enamorus,female,FALSE,FALSE,FALSE,905
Forms,Rattata alolan,both,TRUE,TRUE,FALSE,19
Forms,Raticate alolan,both,TRUE,TRUE,FALSE,20
Forms,Raichu alolan,both,TRUE,FALSE,FALSE,26
Forms,Sandshrew alolan,both,TRUE,TRUE,FALSE,27
Forms,Sandslash alolan,both,TRUE,TRUE,FALSE,28
Forms,Vulpix alolan,both,TRUE,TRUE,FALSE,37
Forms,Ninetales alolan,both,TRUE,TRUE,FALSE,38
Forms,Diglett alolan,both,TRUE,TRUE,FALSE,50
Forms,Dugtrio alolan,both,TRUE,TRUE,FALSE,51
Forms,Meowth alolan,both,TRUE,FALSE,FALSE,52
Forms,Persian alolan,both,TRUE,FALSE,FALSE,53
Forms,Geodude alolan,both,TRUE,FALSE,FALSE,74
Forms,Graveler alolan,both,TRUE,FALSE,FALSE,75
Forms,Golem alolan,both,TRUE,FALSE,FALSE,76
Forms,Grimer alolan,both,TRUE,TRUE,FALSE,88
Forms,Muk alolan,both,TRUE,TRUE,FALSE,89
Forms,Exeggutor alolan,both,TRUE,TRUE,TRUE,103
Forms,Marowak alolan,both,TRUE,TRUE,TRUE,105
Forms,Meowth galarian,both,TRUE,FALSE,FALSE,52
Forms,Ponyta galarian,both,TRUE,FALSE,FALSE,77
Forms,Rapidash galarian,both,TRUE,FALSE,FALSE,78
Forms,Slowpoke galarian,both,TRUE,FALSE,FALSE,79
Forms,Slowbro galarian,both,TRUE,FALSE,FALSE,80
Forms,Farfetch'd galarian,both,TRUE,FALSE,FALSE,83
Forms,Weezing galarian,both,TRUE,FALSE,FALSE,110
Forms,Mr. Mime galarian,both,TRUE,FALSE,FALSE,122
Forms,Articuno galarian,both,FALSE,FALSE,FALSE,144
Forms,Zapdos galarian,both,FALSE,FALSE,FALSE,145
Forms,Moltres galarian,both,FALSE,FALSE,FALSE,146
Forms,Slowking galarian,both,TRUE,FALSE,FALSE,199
Forms,Corsola galarian,both,FALSE,FALSE,FALSE,222
Forms,Zigzagoon galarian,both,TRUE,FALSE,FALSE,263
Forms,Linoone galarian,both,TRUE,FALSE,FALSE,264
Forms,Darumaka galarian,both,TRUE,FALSE,FALSE,554
Forms,Darmanitan galarian,both,TRUE,FALSE,FALSE,555
Forms,Darmanitan zen galarian,both,FALSE,FALSE,FALSE,555
Forms,Yamask galarian,both,TRUE,FALSE,FALSE,562
Forms,Stunfisk galarian,both,TRUE,FALSE,FALSE,618
Forms,Growlithe hisuian,both,FALSE,FALSE,FALSE,58
Forms,Arcanine hisuian,both,FALSE,FALSE,FALSE,59
Forms,Voltorb hisuian,both,FALSE,FALSE,FALSE,100
Forms,Electrode hisuian,both,FALSE,FALSE,FALSE,101
Forms,Typhlosion hisuian,both,FALSE,FALSE,FALSE,157
Forms,Qwilfish hisuian,both,FALSE,FALSE,FALSE,211
Forms,Sneasel hisuian,difference,FALSE,FALSE,FALSE,215
Forms,Samurott hisuian,both,FALSE,FALSE,FALSE,503
Forms,Lilligant hisuian,both,FALSE,FALSE,FALSE,549
Forms,Zorua hisuian,both,FALSE,FALSE,FALSE,570
Forms,Zoroark hisuian,both,FALSE,FALSE,FALSE,571
Forms,Braviary hisuian,both,TRUE,FALSE,FALSE,628
Forms,Sliggoo hisuian,both,FALSE,FALSE,FALSE,705
Forms,Goodra hisuian,both,FALSE,FALSE,FALSE,706
Forms,Avalugg hisuian,both,TRUE,FALSE,FALSE,713
Forms,Decidueye hisuian,both,FALSE,FALSE,FALSE,724
Forms,Unown A,genderless,TRUE,FALSE,FALSE,201
Forms,Unown B,genderless,TRUE,FALSE,FALSE,201
Forms,Unown C,genderless,TRUE,FALSE,FALSE,201
Forms,Unown D,genderless,TRUE,FALSE,FALSE,201
Forms,Unown E,genderless,TRUE,FALSE,FALSE,201
Forms,Unown F,genderless,TRUE,FALSE,FALSE,201
Forms,Unown G,genderless,TRUE,FALSE,FALSE,201
Forms,Unown H,genderless,TRUE,FALSE,FALSE,201
Forms,Unown I,genderless,TRUE,FALSE,FALSE,201
Forms,Unown J,genderless,TRUE,FALSE,FALSE,201
Forms,Unown K,genderless,FALSE,FALSE,FALSE,201
Forms,Unown L,genderless,TRUE,FALSE,FALSE,201
Forms,Unown M,genderless,FALSE,FALSE,FALSE,201
Forms,Unown N,genderless,TRUE,FALSE,FALSE,201
Forms,Unown O,genderless,TRUE,FALSE,FALSE,201
Forms,Unown P,genderless,TRUE,FALSE,FALSE,201
Forms,Unown Q,genderless,FALSE,FALSE,FALSE,201
Forms,Unown R,genderless,TRUE,FALSE,FALSE,201
Forms,Unown S,genderless,TRUE,FALSE,FALSE,201
Forms,Unown T,genderless,TRUE,FALSE,FALSE,201
Forms,Unown U,genderless,TRUE,FALSE,FALSE,201
Forms,Unown V,genderless,TRUE,FALSE,FALSE,201
Forms,Unown W,genderless,FALSE,FALSE,FALSE,201
Forms,Unown X,genderless,TRUE,FALSE,FALSE,201
Forms,Unown Y,genderless,TRUE,FALSE,FALSE,201
Forms,Unown Z,genderless,FALSE,FALSE,FALSE,201
Forms,Unown !,genderless,FALSE,FALSE,FALSE,201
Forms,Unown ?,genderless,FALSE,FALSE,FALSE,201
Forms,Spinda 1,both,TRUE,FALSE,FALSE,327
Forms,Spinda 2,both,TRUE,FALSE,FALSE,327
Forms,Spinda 3,both,TRUE,FALSE,FALSE,327
Forms,Spinda 4,both,TRUE,FALSE,FALSE,327
Forms,Spinda 5,both,TRUE,FALSE,FALSE,327
Forms,Spinda 6,both,TRUE,FALSE,FALSE,327
Forms,Spinda 7,both,TRUE,FALSE,FALSE,327
Forms,Spinda 8,both,TRUE,FALSE,FALSE,327
Forms,Spinda 9,both,TRUE,FALSE,FALSE,327
Forms,Castform normal,both,TRUE,FALSE,FALSE,351
Forms,Castform sunny,both,TRUE,FALSE,FALSE,351
Forms,Castform rainy,both,TRUE,FALSE,FALSE,351
Forms,Castform snowy,both,TRUE,FALSE,FALSE,351
Forms,Deoxys normal,genderless,TRUE,FALSE,FALSE,386
Forms,Deoxys attack,genderless,TRUE,FALSE,FALSE,386
Forms,Deoxys defense,genderless,TRUE,FALSE,FALSE,386
Forms,Deoxys speed,genderless,TRUE,FALSE,FALSE,386
Forms,Burmy plant,both,TRUE,FALSE,FALSE,412
Forms,Burmy sandy,both,TRUE,FALSE,FALSE,412
Forms,Burmy trash,both,TRUE,FALSE,FALSE,412
Forms,Wormadam plant,female,TRUE,FALSE,FALSE,413
Forms,Wormadam sandy,female,TRUE,FALSE,FALSE,413
Forms,Wormadam trash,female,TRUE,FALSE,FALSE,413
Forms,Cherrim overcast,both,TRUE,FALSE,FALSE,421
Forms,Cherrim sunshine,both,TRUE,FALSE,FALSE,421
Forms,Shellos west,both,FALSE,FALSE,FALSE,422
Forms,Shellos east,both,FALSE,FALSE,FALSE,422
Forms,Gastrodon west,both,FALSE,FALSE,FALSE,423
Forms,Gastrodon east,both,FALSE,FALSE,FALSE,423
Forms,Rotom regular,genderless,FALSE,FALSE,FALSE,479
Forms,Rotom heat,genderless,FALSE,FALSE,FALSE,479
Forms,Rotom wash,genderless,FALSE,FALSE,FALSE,479
Forms,Rotom fan,genderless,FALSE,FALSE,FALSE,479
Forms,Rotom frost,genderless,FALSE,FALSE,FALSE,479
Forms,Rotom mow,genderless,FALSE,FALSE,FALSE,479
Forms,Giratina altered,genderless,TRUE,FALSE,FALSE,487
Forms,Giratina origin,genderless,TRUE,FALSE,FALSE,487
Forms,Shaymin land,genderless,FALSE,FALSE,FALSE,492
Forms,Shaymin sky,genderless,FALSE,FALSE,FALSE,492
Forms,Arceus normal,genderless,FALSE,FALSE,FALSE,493
Forms,Arceus bug,genderless,FALSE,FALSE,FALSE,493
Forms,Arceus dark,genderless,FALSE,FALSE,FALSE,493
Forms,Arceus dragon,genderless,FALSE,FALSE,FALSE,493
Forms,Arceus electric,genderless,FALSE,FALSE,FALSE,493
Forms,Arceus fairy,genderless,FALSE,FALSE,FALSE,493
Forms,Arceus fighting,genderless,FALSE,FALSE,FALSE,493
Forms,Arceus fire,genderless,FALSE,FALSE,FALSE,493
Forms,Arceus flying,genderless,FALSE,FALSE,FALSE,493
Forms,Arceus ghost,genderless,FALSE,FALSE,FALSE,493
Forms,Arceus grass,genderless,FALSE,FALSE,FALSE,493
Forms,Arceus ground,genderless,FALSE,FALSE,FALSE,493
Forms,Arceus ice,genderless,FALSE,FALSE,FALSE,493
Forms,Arceus poison,genderless,FALSE,FALSE,FALSE,493
Forms,Arceus psychic,genderless,FALSE,FALSE,FALSE,493
Forms,Arceus rock,genderless,FALSE,FALSE,FALSE,493
Forms,Arceus steel,genderless,FALSE,FALSE,FALSE,493
Forms,Arceus water,genderless,FALSE,FALSE,FALSE,493
Forms,Basculin red-striped,both,FALSE,FALSE,FALSE,550
Forms,Basculin blue-striped,both,FALSE,FALSE,FALSE,550
Forms,Basculin white-striped,both,FALSE,FALSE,FALSE,550
Forms,Darmanitan standard,both,FALSE,FALSE,FALSE,555
Forms,Darmanitan zen,both,FALSE,FALSE,FALSE,555
Forms,Deerling spring,both,FALSE,FALSE,FALSE,585
Forms,Deerling summer,both,FALSE,FALSE,FALSE,585
Forms,Deerling autumn,both,FALSE,FALSE,FALSE,585
Forms,Deerling winter,both,FALSE,FALSE,FALSE,585
Forms,Sawsbuck spring,both,FALSE,FALSE,FALSE,586
Forms,Sawsbuck summer,both,FALSE,FALSE,FALSE,586
Forms,Sawsbuck autumn,both,FALSE,FALSE,FALSE,586
Forms,Sawsbuck winter,both,FALSE,FALSE,FALSE,586
Forms,Tornadus incarnate,male,TRUE,FALSE,FALSE,641
Forms,Tornadus therian,male,TRUE,FALSE,FALSE,641
Forms,Thundurus incarnate,male,TRUE,FALSE,FALSE,642
Forms,Thundurus therian,male,TRUE,FALSE,FALSE,642
Forms,Landorus incarnate,male,TRUE,FALSE,FALSE,645
Forms,Landorus therian,male,TRUE,FALSE,FALSE,645
Forms,Kyurem regular,genderless,FALSE,FALSE,FALSE,646
Forms,Kyurem white,genderless,FALSE,FALSE,FALSE,646
Forms,Kyurem black,genderless,FALSE,FALSE,FALSE,646
Forms,Keldeo ordinary,genderless,FALSE,FALSE,FALSE,647
Forms,Keldeo resolute,genderless,FALSE,FALSE,FALSE,647
Forms,Meloetta aria,genderless,FALSE,FALSE,FALSE,648
Forms,Meloetta pirouette,genderless,FALSE,FALSE,FALSE,648
Forms,Genesect regular,genderless,TRUE,FALSE,FALSE,649
Forms,Genesect shock,genderless,FALSE,FALSE,FALSE,649
Forms,Genesect burn,genderless,FALSE,FALSE,FALSE,649
Forms,Genesect chill,genderless,FALSE,FALSE,FALSE,649
Forms,Genesect douse,genderless,FALSE,FALSE,FALSE,649
Forms,Greninja ash,both,FALSE,FALSE,FALSE,658
Forms,Vivillon archipelago,both,FALSE,FALSE,FALSE,666
Forms,Vivillon continental,both,FALSE,FALSE,FALSE,666
Forms,Vivillon elegant,both,FALSE,FALSE,FALSE,666
Forms,Vivillon fancy,both,FALSE,FALSE,FALSE,666
Forms,Vivillon garden,both,FALSE,FALSE,FALSE,666
Forms,Vivillon high plains,both,FALSE,FALSE,FALSE,666
Forms,Vivillon icy snow,both,FALSE,FALSE,FALSE,666
Forms,Vivillon jungle,both,FALSE,FALSE,FALSE,666
Forms,Vivillon marine,both,FALSE,FALSE,FALSE,666
Forms,Vivillon meadow,both,FALSE,FALSE,FALSE,666
Forms,Vivillon modern,both,FALSE,FALSE,FALSE,666
Forms,Vivillon monsoon,both,FALSE,FALSE,FALSE,666
Forms,Vivillon ocean,both,FALSE,FALSE,FALSE,666
Forms,Vivillon poké ball,both,FALSE,FALSE,FALSE,666
Forms,Vivillon polar,both,FALSE,FALSE,FALSE,666
Forms,Vivillon river,both,FALSE,FALSE,FALSE,666
Forms,Vivillon sandstorm,both,FALSE,FALSE,FALSE,666
Forms,Vivillon savanna,both,FALSE,FALSE,FALSE,666
Forms,Vivillon sun,both,FALSE,FALSE,FALSE,666
Forms,Vivillon tundra,both,FALSE,FALSE,FALSE,666
Forms,Flabébé red,both,FALSE,FALSE,FALSE,669
Forms,Flabébé blue,both,FALSE,FALSE,FALSE,669
Forms,Flabébé yellow,both,FALSE,FALSE,FALSE,669
Forms,Flabébé white,both,FALSE,FALSE,FALSE,669
Forms,Flabébé orange,both,FALSE,FALSE,FALSE,669
Forms,Floette red,both,FALSE,FALSE,FALSE,670
Forms,Floette blue,both,FALSE,FALSE,FALSE,670
Forms,Floette yellow,both,FALSE,FALSE,FALSE,670
Forms,Floette white,both,FALSE,FALSE,FALSE,670
Forms,Floette orange,both,FALSE,FALSE,FALSE,670
Forms,Florges red,both,FALSE,FALSE,FALSE,671
Forms,Florges blue,both,FALSE,FALSE,FALSE,671
Forms,Florges yellow,both,FALSE,FALSE,FALSE,671
Forms,Florges white,both,FALSE,FALSE,FALSE,671
Forms,Florges orange,both,FALSE,FALSE,FALSE,671
Forms,Furfrou dandy,both,TRUE,FALSE,FALSE,676
Forms,Furfrou diamond,both,TRUE,FALSE,FALSE,676
Forms,Furfrou heart,both,TRUE,FALSE,FALSE,676
Forms,Furfrou debutante,both,TRUE,FALSE,FALSE,676
Forms,Furfrou kabuki,both,TRUE,FALSE,FALSE,676
Forms,Furfrou la reine,both,TRUE,FALSE,FALSE,676
Forms,Furfrou matron,both,TRUE,FALSE,FALSE,676
Forms,Furfrou pharaoh,both,TRUE,FALSE,FALSE,676
Forms,Furfrou star,both,TRUE,FALSE,FALSE,676
Forms,Pumpkaboo small,both,TRUE,FALSE,FALSE,710
Forms,Pumpkaboo average,both,TRUE,FALSE,FALSE,710
Forms,Pumpkaboo large,both,TRUE,FALSE,FALSE,710
Forms,Pumpkaboo super,both,TRUE,FALSE,FALSE,710
Forms,Gourgeist small,both,TRUE,FALSE,FALSE,711
Forms,Gourgeist average,both,TRUE,FALSE,FALSE,711
Forms,Gourgeist large,both,TRUE,FALSE,FALSE,711
Forms,Gourgeist super,both,TRUE,FALSE,FALSE,711
Forms,Hoopa confined,both,FALSE,FALSE,FALSE,720
Forms,Hoopa unbound,both,FALSE,FALSE,FALSE,720
Forms,Oricorio baile,both,FALSE,FALSE,FALSE,741
Forms,Oricorio pom-pom,both,FALSE,FALSE,FALSE,741
Forms,Oricorio pa'u,both,FALSE,FALSE,FALSE,741
Forms,Oricorio sensu,both,FALSE,FALSE,FALSE,741
Forms,Lycanroc midday,both,TRUE,FALSE,FALSE,745
Forms,Lycanroc midnight,both,TRUE,FALSE,FALSE,745
Forms,Lycanroc dusk,both,TRUE,FALSE,FALSE,745
Forms,Wishiwashi,both,FALSE,FALSE,FALSE,746
Forms,Wishiwashi school,both,FALSE,FALSE,FALSE,746
Forms,Silvally normal,genderless,FALSE,FALSE,FALSE,773
Forms,Silvally bug,genderless,FALSE,FALSE,FALSE,773
Forms,Silvally dark,genderless,FALSE,FALSE,FALSE,773
Forms,Silvally dragon,genderless,FALSE,FALSE,FALSE,773
Forms,Silvally electric,genderless,FALSE,FALSE,FALSE,773
Forms,Silvally fairy,genderless,FALSE,FALSE,FALSE,773
Forms,Silvally fighting,genderless,FALSE,FALSE,FALSE,773
Forms,Silvally fire,genderless,FALSE,FALSE,FALSE,773
Forms,Silvally flying,genderless,FALSE,FALSE,FALSE,773
Forms,Silvally ghost,genderless,FALSE,FALSE,FALSE,773
Forms,Silvally grass,genderless,FALSE,FALSE,FALSE,773
Forms,Silvally ground,genderless,FALSE,FALSE,FALSE,773
Forms,Silvally ice,genderless,FALSE,FALSE,FALSE,773
Forms,Silvally poison,genderless,FALSE,FALSE,FALSE,773
Forms,Silvally psychic,genderless,FALSE,FALSE,FALSE,773
Forms,Silvally rock,genderless,FALSE,FALSE,FALSE,773
Forms,Silvally steel,genderless,FALSE,FALSE,FALSE,773
Forms,Silvally water,genderless,FALSE,FALSE,FALSE,773
Forms,Minior,genderless,FALSE,FALSE,FALSE,774
Forms,Minior red,genderless,FALSE,FALSE,FALSE,774
Forms,Minior orange,genderless,FALSE,FALSE,FALSE,774
Forms,Minior yellow,genderless,FALSE,FALSE,FALSE,774
Forms,Minior green,genderless,FALSE,FALSE,FALSE,774
Forms,Minior blue,genderless,FALSE,FALSE,FALSE,774
Forms,Minior indigo,genderless,FALSE,FALSE,FALSE,774
Forms,Minior violet,genderless,FALSE,FALSE,FALSE,774
Forms,Mimikyu,both,FALSE,FALSE,FALSE,778
Forms,Mimikyu busted,both,FALSE,FALSE,FALSE,778
Forms,Necrozma,genderless,FALSE,FALSE,FALSE,800
Forms,Necrozma dusk,genderless,FALSE,FALSE,FALSE,800
Forms,Necrozma dawn,genderless,FALSE,FALSE,FALSE,800
Forms,Necrozma ultra,genderless,FALSE,FALSE,FALSE,800
Forms,Magearna,genderless,FALSE,FALSE,FALSE,801
Forms,Magearna original,genderless,FALSE,FALSE,FALSE,801
Forms,Toxtricity,both,FALSE,FALSE,FALSE,849
Forms,Toxtricity low,both,FALSE,FALSE,FALSE,849
Forms,Sinistea,genderless,FALSE,FALSE,FALSE,854
Forms,Sinistea antique,genderless,FALSE,FALSE,FALSE,854
Forms,Polteageist,genderless,FALSE,FALSE,FALSE,855
Forms,Polteageist antique,genderless,FALSE,FALSE,FALSE,855
Forms,Eiscue,both,FALSE,FALSE,FALSE,875
Forms,Eiscue noice,both,FALSE,FALSE,FALSE,875
Forms,Morpeko,both,FALSE,FALSE,FALSE,877
Forms,Morpeko hangry,both,FALSE,FALSE,FALSE,877
Forms,Zacian hero,genderless,FALSE,FALSE,FALSE,888
Forms,Zacian crowned,genderless,FALSE,FALSE,FALSE,888
Forms,Zamazenta hero,genderless,FALSE,FALSE,FALSE,889
Forms,Zamazenta crowned,genderless,FALSE,FALSE,FALSE,889
Forms,Eternatus,both,FALSE,FALSE,FALSE,890
Forms,Eternatus eternamax,both,FALSE,FALSE,FALSE,890
Forms,Urshifu single,both,FALSE,FALSE,FALSE,892
Forms,Urshifu rapid,both,FALSE,FALSE,FALSE,892
Forms,Calyrex,both,FALSE,FALSE,FALSE,898
Forms,Calyrex ice,both,FALSE,FALSE,FALSE,898
Forms,Calyrex rider,both,FALSE,FALSE,FALSE,898
Forms,Enamorus incarnate,female,TRUE,FALSE,FALSE,905
Forms,Enamorus therian,female,TRUE,FALSE,FALSE,905
Mega,Venusaur mega,both,TRUE,FALSE,FALSE,3
Mega,Charizard x mega,both,TRUE,FALSE,FALSE,6
Mega,Charizard y mega,both,TRUE,FALSE,FALSE,6
Mega,Blastoise mega,both,TRUE,FALSE,FALSE,9
Mega,Beedrill mega,both,TRUE,FALSE,FALSE,15
Mega,Pidgeot mega,both,TRUE,FALSE,FALSE,18
Mega,Gengar mega,both,TRUE,FALSE,FALSE,94
Mega,Alakazam mega,both,TRUE,FALSE,FALSE,65
Mega,Slowbro mega,both,TRUE,FALSE,FALSE,80
Mega,Kangaskhan mega,female,TRUE,FALSE,FALSE,115
Mega,Pinsir mega,both,TRUE,FALSE,FALSE,127
Mega,Gyarados mega,both,TRUE,FALSE,FALSE,130
Mega,Aerodactyl mega,both,TRUE,FALSE,FALSE,142
Mega,Mewtwo x mega,both,TRUE,FALSE,FALSE,150
Mega,Mewtwo y mega,both,TRUE,FALSE,FALSE,150
Mega,Ampharos mega,both,TRUE,FALSE,FALSE,181
Mega,Steelix mega,both,TRUE,FALSE,FALSE,208
Mega,Scizor mega,both,TRUE,FALSE,FALSE,212
Mega,Heracross mega,both,TRUE,FALSE,FALSE,214
Mega,Houndoom mega,both,TRUE,FALSE,FALSE,229
Mega,Tyranitar mega,both,TRUE,FALSE,FALSE,248
Mega,Sceptile mega,both,TRUE,FALSE,FALSE,254
Mega,Blaziken mega,both,TRUE,FALSE,FALSE,257
Mega,Swampert mega,both,TRUE,FALSE,FALSE,260
Mega,Gardevoir mega,female,TRUE,FALSE,FALSE,282
Mega,Sableye mega,both,TRUE,FALSE,FALSE,302
Mega,Mawile mega,both,TRUE,FALSE,FALSE,303
Mega,Aggron mega,both,TRUE,FALSE,FALSE,306
Mega,Medicham mega,both,TRUE,FALSE,FALSE,308
Mega,Manectric mega,both,TRUE,FALSE,FALSE,310
Mega,Sharpedo mega,both,TRUE,FALSE,FALSE,319
Mega,Camerupt mega,both,TRUE,FALSE,FALSE,323
Mega,Altaria mega,both,TRUE,FALSE,FALSE,334
Mega,Banette mega,both,TRUE,FALSE,FALSE,354
Mega,Absol mega,both,TRUE,FALSE,FALSE,359
Mega,Glalie mega,both,TRUE,FALSE,FALSE,362
Mega,Salamence mega,both,TRUE,FALSE,FALSE,373
Mega,Metagross mega,both,TRUE,FALSE,FALSE,376
Mega,Latias mega,female,TRUE,FALSE,FALSE,380
Mega,Latios mega,male,TRUE,FALSE,FALSE,381
Mega,Kyogre primal,both,TRUE,FALSE,FALSE,382
Mega,Groudon primal,both,TRUE,FALSE,FALSE,383
Mega,Rayquaza mega,both,TRUE,FALSE,FALSE,384
Mega,Lopunny mega,both,TRUE,FALSE,FALSE,428
Mega,Garchomp mega,both,TRUE,FALSE,FALSE,445
Mega,Lucario mega,both,TRUE,FALSE,FALSE,448
Mega,Abomasnow mega,both,TRUE,FALSE,FALSE,460
Mega,Gallade mega,male,TRUE,FALSE,FALSE,475
Mega,Audino mega,both,TRUE,FALSE,FALSE,531
Mega,Diancie mega,both,TRUE,FALSE,FALSE,719
Event,Bulbasaur party hat,both,TRUE,FALSE,FALSE,1
Event,Bulbasaur visor,both,TRUE,FALSE,FALSE,1
Event,Bulbasaur fall,both,TRUE,FALSE,FALSE,1
Event,Venusaur clone,difference,FALSE,FALSE,FALSE,3
Event,Charmander party hat,both,TRUE,FALSE,FALSE,4
Event,Charmander visor,both,TRUE,FALSE,FALSE,4
Event,Charmander fall,both,TRUE,FALSE,FALSE,4
Event,Charmeleon party hat,both,TRUE,FALSE,FALSE,5
Event,Charizard party hat,both,TRUE,FALSE,FALSE,6
Event,Charizard clone,both,FALSE,FALSE,FALSE,6
Event,Squirtle sunglasses,both,TRUE,FALSE,FALSE,7
Event,Squirtle party hat,both,TRUE,FALSE,FALSE,7
Event,Squirtle visor,both,TRUE,FALSE,FALSE,7
Event,Squirtle fall,both,TRUE,FALSE,FALSE,7
Event,Wartortle sunglasses,both,TRUE,FALSE,FALSE,8
Event,Blastoise sunglasses,both,TRUE,FALSE,FALSE,9
Event,Blastoise clone,both,FALSE,FALSE,FALSE,9
Event,Butterfree bow,difference,TRUE,FALSE,FALSE,12
Event,Raticate party,difference,TRUE,TRUE,FALSE,20
Event,Pikachu fall,male,TRUE,FALSE,FALSE,25
Event,Pikachu fly,difference,TRUE,FALSE,FALSE,25
Event,Pikachu libre,female,TRUE,FALSE,FALSE,25
Event,Pikachu explorer,difference,TRUE,FALSE,FALSE,25
Event,Pikachu holiday,difference,TRUE,FALSE,FALSE,25
Event,Pikachu 5th,both,TRUE,FALSE,FALSE,25
Event,Pikachu pop,female,FALSE,FALSE,FALSE,25
Event,Pikachu rock,female,FALSE,FALSE,FALSE,25
Event,Pikachu kariyushi,difference,TRUE,FALSE,FALSE,25
Event,Pikachu fly okinawa,both,TRUE,FALSE,FALSE,25
Event,Pikachu worlds 2022,both,TRUE,FALSE,FALSE,25
Event,Pikachu scarf,both,TRUE,FALSE,FALSE,25
Event,Pikachu green,both,TRUE,FALSE,FALSE,25
Event,Pikachu purple,both,TRUE,FALSE,FALSE,25
Event,Pikachu fly green,both,TRUE,FALSE,FALSE,25
Event,Pikachu fly purple,both,TRUE,FALSE,FALSE,25
Event,Pikachu summer,difference,TRUE,FALSE,FALSE,25
Event,Pikachu fragment,difference,TRUE,FALSE,FALSE,25
Event,Pikachu witch,difference,TRUE,FALSE,FALSE,25
Event,Pikachu festive,difference,TRUE,FALSE,FALSE,25
Event,Pikachu flower,difference,TRUE,FALSE,FALSE,25
Event,Pikachu ash,difference,TRUE,FALSE,FALSE,25
Event,Pikachu detective,male,TRUE,FALSE,FALSE,25
Event,Pikachu party,difference,TRUE,FALSE,FALSE,25
Event,Pikachu straw hat,difference,TRUE,FALSE,FALSE,25
Event,Pikachu winter,difference,TRUE,FALSE,FALSE,25
Event,Pikachu party hat,difference,TRUE,FALSE,FALSE,25
Event,Pikachu spring,difference,TRUE,FALSE,FALSE,25
Event,Pikachu charizard,difference,TRUE,FALSE,FALSE,25
Event,Pikachu umbreon,difference,TRUE,FALSE,FALSE,25
Event,Pikachu rayquaza,difference,TRUE,FALSE,FALSE,25
Event,Pikachu lucario,difference,TRUE,FALSE,FALSE,25
Event,Pikachu worldcap,difference,TRUE,FALSE,FALSE,25
Event,Pikachu new year,difference,TRUE,FALSE,FALSE,25
Event,Pikachu meloetta,both,TRUE,FALSE,FALSE,25
Event,Pikachu safari,difference,TRUE,FALSE,FALSE,25
Event,Pikachu halloween,difference,TRUE,FALSE,FALSE,25
Event,Pikachu shaymin,both,TRUE,FALSE,FALSE,25
Event,Pikachu tcg,both,TRUE,FALSE,FALSE,25
Event,Pikachu cake,both,TRUE,FALSE,FALSE,25
Event,Pikachu 2023,both,TRUE,FALSE,FALSE,25
Event,Pikachu brendan,both,TRUE,FALSE,FALSE,25
Event,Pikachu may,both,TRUE,FALSE,FALSE,25
Event,Pikachu spring2023,both,TRUE,FALSE,FALSE,25
Event,Pikachu clone,male,FALSE,FALSE,FALSE,25
Event,Raichu summer,difference,TRUE,FALSE,FALSE,26
Event,Raichu festive,difference,TRUE,FALSE,FALSE,26
Event,Raichu fragment,difference,TRUE,FALSE,FALSE,26
Event,Raichu witch,difference,TRUE,FALSE,FALSE,26
Event,Raichu flower,difference,TRUE,FALSE,FALSE,26
Event,Raichu ash,difference,TRUE,FALSE,FALSE,26
Event,Raichu party,difference,TRUE,FALSE,FALSE,26
Event,Raichu detective,male,TRUE,FALSE,FALSE,26
Event,Raichu winter,difference,TRUE,FALSE,FALSE,26
Event,Raichu new year,difference,TRUE,FALSE,FALSE,26
Event,Raichu worldcap,difference,TRUE,FALSE,FALSE,26
Event,Raichu spring2023,difference,TRUE,FALSE,FALSE,26
Event,Nidorino party hat,male,TRUE,TRUE,FALSE,33
Event,Vulpix halloween,both,TRUE,FALSE,FALSE,37
Event,Ninetales halloween,both,TRUE,FALSE,FALSE,38
Event,Diglett hat,both,TRUE,FALSE,FALSE,50
Event,Dugtrio hat,both,TRUE,FALSE,FALSE,51
Event,Ponyta galarian meloetta,both,TRUE,FALSE,FALSE,77
Event,Slowpoke new year,both,TRUE,FALSE,FALSE,78
Event,Slowbro new year,both,TRUE,FALSE,FALSE,80
Event,Gengar party hat,both,TRUE,FALSE,FALSE,94
Event,Gengar halloween,both,TRUE,FALSE,FALSE,94
Event,Gengar halloween 2022,both,TRUE,FALSE,FALSE,94
Event,Chansey flower,female,TRUE,FALSE,FALSE,113
Event,Lapras scarf,both,TRUE,FALSE,FALSE,131
Event,Lapras blanche,both,TRUE,FALSE,FALSE,131
Event,Eevee flower,difference,TRUE,FALSE,FALSE,133
Event,Eevee party hat,difference,TRUE,FALSE,FALSE,133
Event,Eevee hat,difference,TRUE,FALSE,FALSE,133
Event,Eevee spring2023,difference,TRUE,FALSE,FALSE,133
Event,Vaporeon flower,both,TRUE,FALSE,FALSE,134
Event,Vaporeon hat,both,TRUE,FALSE,FALSE,134
Event,Vaporeon spring2023,both,TRUE,FALSE,FALSE,134
Event,Jolteon flower,both,TRUE,FALSE,FALSE,135
Event,Jolteon hat,both,TRUE,FALSE,FALSE,135
Event,Jolteon spring2023,both,TRUE,FALSE,FALSE,135
Event,Flareon flower,both,TRUE,FALSE,FALSE,136
Event,Flareon hat,both,TRUE,FALSE,FALSE,136
Event,Flareon spring2023,both,TRUE,FALSE,FALSE,136
Event,Snorlax cowboy,both,TRUE,FALSE,FALSE,143
Event,Snorlax nightcap,both,TRUE,FALSE,FALSE,143
Event,Mewtwo armored,genderless,FALSE,FALSE,FALSE,150
Event,Hoothoot new year,both,TRUE,FALSE,FALSE,163
Event,Noctowl new year,both,TRUE,FALSE,FALSE,164
Event,Pichu summer,both,TRUE,FALSE,FALSE,172
Event,Pichu party,both,TRUE,FALSE,FALSE,172
Event,Pichu festive,both,TRUE,FALSE,FALSE,172
Event,Pichu winter,both,TRUE,FALSE,FALSE,172
Event,Pichu flower,both,TRUE,FALSE,FALSE,172
Event,Pichu ash,both,TRUE,FALSE,FALSE,172
Event,Pichu witch,both,TRUE,FALSE,FALSE,172
Event,Pichu new year,both,TRUE,FALSE,FALSE,172
Event,Pichu spring2023,both,TRUE,FALSE,FALSE,172
Event,Togepi flower,both,TRUE,FALSE,FALSE,175
Event,Togetic flower,both,TRUE,FALSE,FALSE,176
Event,Espeon flower,both,TRUE,FALSE,FALSE,196
Event,Espeon hat,both,TRUE,FALSE,FALSE,196
Event,Espeon spring2023,both,TRUE,FALSE,FALSE,196
Event,Umbreon flower,both,TRUE,FALSE,FALSE,197
Event,Umbreon hat,both,TRUE,FALSE,FALSE,197
Event,Umbreon spring2023,both,TRUE,FALSE,FALSE,197
Event,Slowking new year,both,TRUE,FALSE,FALSE,199
Event,Wobbuffet party,difference,TRUE,FALSE,FALSE,202
Event,Sneasel sunglasses,difference,TRUE,FALSE,FALSE,215
Event,Delibird holiday,both,TRUE,FALSE,FALSE,225
Event,Stantler holiday,both,TRUE,FALSE,FALSE,234
Event,Smoochum bow,female,TRUE,FALSE,FALSE,238
Event,Blissey flower,female,TRUE,FALSE,FALSE,242
Event,Zigzagoon galarian meloetta,both,TRUE,FALSE,FALSE,263
Event,Wurmple party,both,TRUE,FALSE,FALSE,265
Event,Kirlia hat,both,TRUE,FALSE,FALSE,281
Event,Gardevoir meloetta,both,FALSE,FALSE,FALSE,282
Event,Sableye halloween,both,TRUE,FALSE,FALSE,302
Event,Flygon meloetta,both,FALSE,FALSE,FALSE,330
Event,Duskull cempasúchil,both,TRUE,FALSE,FALSE,355
Event,Dusclops cempasúchil,both,TRUE,FALSE,FALSE,356
Event,Absol sunglasses,both,TRUE,TRUE,TRUE,359
Event,Spheal holiday,both,TRUE,FALSE,FALSE,363
Event,Turtwig red hat,both,TRUE,FALSE,FALSE,387
Event,Turtwig white hat,both,TRUE,FALSE,FALSE,387
Event,Chimchar red hat,both,TRUE,FALSE,FALSE,390
Event,Chimchar white hat,both,TRUE,FALSE,FALSE,390
Event,Piplup halloween,both,TRUE,FALSE,FALSE,393
Event,Piplup red hat,both,TRUE,FALSE,FALSE,393
Event,Piplup white hat,both,TRUE,FALSE,FALSE,393
Event,Shinx hat,difference,TRUE,TRUE,FALSE,403
Event,Drifblim halloween,both,TRUE,FALSE,FALSE,426
Event,Buneary flower,both,TRUE,FALSE,FALSE,427
Event,Lopunny flower,both,TRUE,FALSE,FALSE,428
Event,Happiny flower,female,TRUE,FALSE,FALSE,440
Event,Croagunk cap,difference,TRUE,FALSE,FALSE,453
Event,Toxicroak cap,difference,TRUE,FALSE,FALSE,454
Event,Togekiss flower,both,TRUE,FALSE,FALSE,468
Event,Leafeon flower,both,TRUE,FALSE,FALSE,470
Event,Leafeon hat,both,TRUE,FALSE,FALSE,470
Event,Leafeon spring2023,both,TRUE,FALSE,FALSE,470
Event,Glaceon flower,both,TRUE,FALSE,FALSE,471
Event,Glaceon hat,both,TRUE,FALSE,FALSE,471
Event,Glaceon spring2023,both,TRUE,FALSE,FALSE,471
Event,Glaceon holiday,both,TRUE,FALSE,FALSE,471
Event,Dusknoir cempasúchil,both,TRUE,FALSE,FALSE,477
Event,Blitzle collar,both,TRUE,FALSE,FALSE,522
Event,Cubchoo holiday,both,TRUE,FALSE,FALSE,613
Event,Beartic holiday,both,TRUE,FALSE,FALSE,613
Event,Sylveon flower,both,TRUE,FALSE,FALSE,700
Event,Sylveon hat,both,TRUE,FALSE,FALSE,700
Event,Sylveon spring2023,both,TRUE,FALSE,FALSE,700
Event,Pumpkaboo small halloween,both,TRUE,FALSE,FALSE,710
Event,Pumpkaboo average halloween,both,TRUE,FALSE,FALSE,710
Event,Pumpkaboo large halloween,both,TRUE,FALSE,FALSE,710
Event,Pumpkaboo super halloween,both,TRUE,FALSE,FALSE,710
Event,Gourgeist small halloween,both,TRUE,FALSE,FALSE,711
Event,Gourgeist average halloween,both,TRUE,FALSE,FALSE,711
Event,Gourgeist large halloween,both,TRUE,FALSE,FALSE,711
Event,Gourgeist super halloween,both,TRUE,FALSE,FALSE,711
Paldea,Sprigatito,both,FALSE,FALSE,FALSE,906
Paldea,Floragato,both,FALSE,FALSE,FALSE,907
Paldea,Meowscarada,both,FALSE,FALSE,FALSE,908
Paldea,Fuecoco,both,FALSE,FALSE,FALSE,909
Paldea,Crocalor,both,FALSE,FALSE,FALSE,910
Paldea,Skeledirge,both,FALSE,FALSE,FALSE,911
Paldea,Quaxly,both,FALSE,FALSE,FALSE,912
Paldea,Quaxwell,both,FALSE,FALSE,FALSE,913
Paldea,Quaquaval,both,FALSE,FALSE,FALSE,914
Paldea,Lechonk,both,FALSE,FALSE,FALSE,915
Paldea,Oinkologne,both,FALSE,FALSE,FALSE,916
Paldea,Tarountula,both,FALSE,FALSE,FALSE,917
Paldea,Spidops,both,FALSE,FALSE,FALSE,918
Paldea,Nymble,both,FALSE,FALSE,FALSE,919
Paldea,Lokix,both,FALSE,FALSE,FALSE,920
Paldea,Pawmi,both,FALSE,FALSE,FALSE,921
Paldea,Pawmo,both,FALSE,FALSE,FALSE,922
Paldea,Pawmot,both,FALSE,FALSE,FALSE,923
Paldea,Tandemaus,both,FALSE,FALSE,FALSE,924
Paldea,Maushold,both,FALSE,FALSE,FALSE,925
Paldea,Fidough,both,FALSE,FALSE,FALSE,926
Paldea,Dachsbun,both,FALSE,FALSE,FALSE,927
Paldea,Smoliv,both,FALSE,FALSE,FALSE,928
Paldea,Dolliv,both,FALSE,FALSE,FALSE,929
Paldea,Arboliva,both,FALSE,FALSE,FALSE,930
Paldea,Squawkabilly,both,FALSE,FALSE,FALSE,931
Paldea,Nacli,both,FALSE,FALSE,FALSE,932
Paldea,Naclstack,both,FALSE,FALSE,FALSE,933
Paldea,Garganacl,both,FALSE,FALSE,FALSE,934
Paldea,Charcadet,both,FALSE,FALSE,FALSE,935
Paldea,Armarouge,both,FALSE,FALSE,FALSE,936
Paldea,Ceruledge,both,FALSE,FALSE,FALSE,937
Paldea,Tadbulb,both,FALSE,FALSE,FALSE,938
Paldea,Bellibolt,both,FALSE,FALSE,FALSE,939
Paldea,Wattrel,both,FALSE,FALSE,FALSE,940
Paldea,Kilowattrel,both,FALSE,FALSE,FALSE,941
Paldea,Maschiff,both,FALSE,FALSE,FALSE,942
Paldea,Mabosstiff,both,FALSE,FALSE,FALSE,943
Paldea,Shroodle,both,FALSE,FALSE,FALSE,944
Paldea,Grafaiai,both,FALSE,FALSE,FALSE,945
Paldea,Bramblin,both,FALSE,FALSE,FALSE,946
Paldea,Brambleghast,both,FALSE,FALSE,FALSE,947
Paldea,Toedscool,both,FALSE,FALSE,FALSE,948
Paldea,Toedscruel,both,FALSE,FALSE,FALSE,949
Paldea,Klawf,both,FALSE,FALSE,FALSE,950
Paldea,Capsakid,both,FALSE,FALSE,FALSE,951
Paldea,Scovillain,both,FALSE,FALSE,FALSE,952
Paldea,Rellor,both,FALSE,FALSE,FALSE,953
Paldea,Rabsca,both,FALSE,FALSE,FALSE,954
Paldea,Flittle,both,FALSE,FALSE,FALSE,955
Paldea,Espathra,both,FALSE,FALSE,FALSE,956
Paldea,Tinkatink,both,FALSE,FALSE,FALSE,957
Paldea,Tinkatuff,both,FALSE,FALSE,FALSE,958
Paldea,Tinkaton,both,FALSE,FALSE,FALSE,959
Paldea,Wiglett,both,FALSE,FALSE,FALSE,960
Paldea,Wugtrio,both,FALSE,FALSE,FALSE,961
Paldea,Bombirdier,both,FALSE,FALSE,FALSE,962
Paldea,Finizen,both,FALSE,FALSE,FALSE,963
Paldea,Palafin,both,FALSE,FALSE,FALSE,964
Paldea,Varoom,both,FALSE,FALSE,FALSE,965
Paldea,Revavroom,both,FALSE,FALSE,FALSE,966
Paldea,Cyclizar,both,FALSE,FALSE,FALSE,967
Paldea,Orthworm,both,FALSE,FALSE,FALSE,968
Paldea,Glimmet,both,FALSE,FALSE,FALSE,969
Paldea,Glimmora,both,FALSE,FALSE,FALSE,970
Paldea,Greavard,both,FALSE,FALSE,FALSE,971
Paldea,Houndstone,both,FALSE,FALSE,FALSE,972
Paldea,Flamigo,both,FALSE,FALSE,FALSE,973
Paldea,Cetoddle,both,FALSE,FALSE,FALSE,974
Paldea,Cetitan,both,FALSE,FALSE,FALSE,975
Paldea,Veluza,both,FALSE,FALSE,FALSE,976
Paldea,Dondozo,both,FALSE,FALSE,FALSE,977
Paldea,Tatsugiri,both,FALSE,FALSE,FALSE,978
Paldea,Annihilape,both,FALSE,FALSE,FALSE,979
Paldea,Clodsire,both,FALSE,FALSE,FALSE,980
Paldea,Farigiraf,both,FALSE,FALSE,FALSE,981
Paldea,Dudunsparce,both,FALSE,FALSE,FALSE,982
Paldea,Kingambit,both,FALSE,FALSE,FALSE,983
Paldea,Great Tusk,both,FALSE,FALSE,FALSE,984
Paldea,Scream Tail,both,FALSE,FALSE,FALSE,985
Paldea,Brute Bonnet,both,FALSE,FALSE,FALSE,986
Paldea,Flutter Mane,both,FALSE,FALSE,FALSE,987
Paldea,Slither Wing,both,FALSE,FALSE,FALSE,988
Paldea,Sandy Shocks,both,FALSE,FALSE,FALSE,989
Paldea,Iron Treads,both,FALSE,FALSE,FALSE,990
Paldea,Iron Bundle,both,FALSE,FALSE,FALSE,991
Paldea,Iron Hands,both,FALSE,FALSE,FALSE,992
Paldea,Iron Jugulis,both,FALSE,FALSE,FALSE,993
Paldea,Iron Moth,both,FALSE,FALSE,FALSE,994
Paldea,Iron Thorns,both,FALSE,FALSE,FALSE,995
Paldea,Frigibax,both,FALSE,FALSE,FALSE,996
Paldea,Arctibax,both,FALSE,FALSE,FALSE,997
Paldea,Baxcalibur,both,FALSE,FALSE,FALSE,998
Paldea,Gimmighoul,both,FALSE,FALSE,FALSE,999
Paldea,Gholdengo,both,FALSE,FALSE,FALSE,1000
Paldea,Wo-Chien,both,FALSE,FALSE,FALSE,1001
Paldea,Chien-Pao,both,FALSE,FALSE,FALSE,1002
Paldea,Ting-Lu,both,FALSE,FALSE,FALSE,1003
Paldea,Chi-Yu,both,FALSE,FALSE,FALSE,1004
Paldea,Roaring Moon,both,FALSE,FALSE,FALSE,1005
Paldea,Iron Valiant,both,FALSE,FALSE,FALSE,1006
Paldea,Koraidon,both,FALSE,FALSE,FALSE,1007
Paldea,Miraidon,both,FALSE,FALSE,FALSE,1008
Paldea,Walking Wake,both,FALSE,FALSE,FALSE,1009
Paldea,Iron Leaves,both,FALSE,FALSE,FALSE,1010
